Workbook

Sheet Summary Dashboard
A1: NutriFit QA Report - Selenium Web UI Testing
A2: Report File: NutriFit_Selenium_Test_Report.xlsx | Total Screens/Modules: 35 | 10 Cases Per Screen | Total: 350 Cases
A4: Total Test Cases | B4: Passed | C4: Failed | D4: Skipped | E4: Blocked | F4: Not Executed | G4: Pass Rate %
A5: =COUNT('Detailed Test Cases'!A:A) | B5: =COUNTIF('Detailed Test Cases'!I:I, "Passed") | C5: =COUNTIF('Detailed Test Cases'!I:I, "Failed") | D5: =COUNTIF('Detailed Test Cases'!I:I, "Skipped") | E5: =COUNTIF('Detailed Test Cases'!I:I, "Blocked") | F5: =COUNTIF('Detailed Test Cases'!I:I, "Not Executed") | G5: =IF(B4=0, "0%", TEXT(B5/B4, "0.0%"))
A7: Screen/Module-Wise Test Coverage Breakdown (All 35 Screens)
A8: Module/Screen | B8: Total Cases | C8: Passed | D8: Failed | E8: Skipped | F8: Blocked | G8: Not Executed
A9: SplashScreen | B9: =COUNTIF('Detailed Test Cases'!B:B, A9) | C9: =COUNTIFS('Detailed Test Cases'!B:B, A9, 'Detailed Test Cases'!I:I, "Passed") | D9: =COUNTIFS('Detailed Test Cases'!B:B, A9, 'Detailed Test Cases'!I:I, "Failed") | E9: =COUNTIFS('Detailed Test Cases'!B:B, A9, 'Detailed Test Cases'!I:I, "Skipped") | F9: =COUNTIFS('Detailed Test Cases'!B:B, A9, 'Detailed Test Cases'!I:I, "Blocked") | G9: =COUNTIFS('Detailed Test Cases'!B:B, A9, 'Detailed Test Cases'!I:I, "Not Executed")
A10: LoginScreen | B10: =COUNTIF('Detailed Test Cases'!B:B, A10) | C10: =COUNTIFS('Detailed Test Cases'!B:B, A10, 'Detailed Test Cases'!I:I, "Passed") | D10: =COUNTIFS('Detailed Test Cases'!B:B, A10, 'Detailed Test Cases'!I:I, "Failed") | E10: =COUNTIFS('Detailed Test Cases'!B:B, A10, 'Detailed Test Cases'!I:I, "Skipped") | F10: =COUNTIFS('Detailed Test Cases'!B:B, A10, 'Detailed Test Cases'!I:I, "Blocked") | G10: =COUNTIFS('Detailed Test Cases'!B:B, A10, 'Detailed Test Cases'!I:I, "Not Executed")
A11: SignUpScreen | B11: =COUNTIF('Detailed Test Cases'!B:B, A11) | C11: =COUNTIFS('Detailed Test Cases'!B:B, A11, 'Detailed Test Cases'!I:I, "Passed") | D11: =COUNTIFS('Detailed Test Cases'!B:B, A11, 'Detailed Test Cases'!I:I, "Failed") | E11: =COUNTIFS('Detailed Test Cases'!B:B, A11, 'Detailed Test Cases'!I:I, "Skipped") | F11: =COUNTIFS('Detailed Test Cases'!B:B, A11, 'Detailed Test Cases'!I:I, "Blocked") | G11: =COUNTIFS('Detailed Test Cases'!B:B, A11, 'Detailed Test Cases'!I:I, "Not Executed")
A12: ForgotScreen | B12: =COUNTIF('Detailed Test Cases'!B:B, A12) | C12: =COUNTIFS('Detailed Test Cases'!B:B, A12, 'Detailed Test Cases'!I:I, "Passed") | D12: =COUNTIFS('Detailed Test Cases'!B:B, A12, 'Detailed Test Cases'!I:I, "Failed") | E12: =COUNTIFS('Detailed Test Cases'!B:B, A12, 'Detailed Test Cases'!I:I, "Skipped") | F12: =COUNTIFS('Detailed Test Cases'!B:B, A12, 'Detailed Test Cases'!I:I, "Blocked") | G12: =COUNTIFS('Detailed Test Cases'!B:B, A12, 'Detailed Test Cases'!I:I, "Not Executed")
A13: SelectScreen | B13: =COUNTIF('Detailed Test Cases'!B:B, A13) | C13: =COUNTIFS('Detailed Test Cases'!B:B, A13, 'Detailed Test Cases'!I:I, "Passed") | D13: =COUNTIFS('Detailed Test Cases'!B:B, A13, 'Detailed Test Cases'!I:I, "Failed") | E13: =COUNTIFS('Detailed Test Cases'!B:B, A13, 'Detailed Test Cases'!I:I, "Skipped") | F13: =COUNTIFS('Detailed Test Cases'!B:B, A13, 'Detailed Test Cases'!I:I, "Blocked") | G13: =COUNTIFS('Detailed Test Cases'!B:B, A13, 'Detailed Test Cases'!I:I, "Not Executed")
A14: GoalScreen | B14: =COUNTIF('Detailed Test Cases'!B:B, A14) | C14: =COUNTIFS('Detailed Test Cases'!B:B, A14, 'Detailed Test Cases'!I:I, "Passed") | D14: =COUNTIFS('Detailed Test Cases'!B:B, A14, 'Detailed Test Cases'!I:I, "Failed") | E14: =COUNTIFS('Detailed Test Cases'!B:B, A14, 'Detailed Test Cases'!I:I, "Skipped") | F14: =COUNTIFS('Detailed Test Cases'!B:B, A14, 'Detailed Test Cases'!I:I, "Blocked") | G14: =COUNTIFS('Detailed Test Cases'!B:B, A14, 'Detailed Test Cases'!I:I, "Not Executed")
A15: GenderScreen | B15: =COUNTIF('Detailed Test Cases'!B:B, A15) | C15: =COUNTIFS('Detailed Test Cases'!B:B, A15, 'Detailed Test Cases'!I:I, "Passed") | D15: =COUNTIFS('Detailed Test Cases'!B:B, A15, 'Detailed Test Cases'!I:I, "Failed") | E15: =COUNTIFS('Detailed Test Cases'!B:B, A15, 'Detailed Test Cases'!I:I, "Skipped") | F15: =COUNTIFS('Detailed Test Cases'!B:B, A15, 'Detailed Test Cases'!I:I, "Blocked") | G15: =COUNTIFS('Detailed Test Cases'!B:B, A15, 'Detailed Test Cases'!I:I, "Not Executed")
A16: FoodScreen | B16: =COUNTIF('Detailed Test Cases'!B:B, A16) | C16: =COUNTIFS('Detailed Test Cases'!B:B, A16, 'Detailed Test Cases'!I:I, "Passed") | D16: =COUNTIFS('Detailed Test Cases'!B:B, A16, 'Detailed Test Cases'!I:I, "Failed") | E16: =COUNTIFS('Detailed Test Cases'!B:B, A16, 'Detailed Test Cases'!I:I, "Skipped") | F16: =COUNTIFS('Detailed Test Cases'!B:B, A16, 'Detailed Test Cases'!I:I, "Blocked") | G16: =COUNTIFS('Detailed Test Cases'!B:B, A16, 'Detailed Test Cases'!I:I, "Not Executed")
A17: LocationScreen | B17: =COUNTIF('Detailed Test Cases'!B:B, A17) | C17: =COUNTIFS('Detailed Test Cases'!B:B, A17, 'Detailed Test Cases'!I:I, "Passed") | D17: =COUNTIFS('Detailed Test Cases'!B:B, A17, 'Detailed Test Cases'!I:I, "Failed") | E17: =COUNTIFS('Detailed Test Cases'!B:B, A17, 'Detailed Test Cases'!I:I, "Skipped") | F17: =COUNTIFS('Detailed Test Cases'!B:B, A17, 'Detailed Test Cases'!I:I, "Blocked") | G17: =COUNTIFS('Detailed Test Cases'!B:B, A17, 'Detailed Test Cases'!I:I, "Not Executed")
A18: NumberScreen | B18: =COUNTIF('Detailed Test Cases'!B:B, A18) | C18: =COUNTIFS('Detailed Test Cases'!B:B, A18, 'Detailed Test Cases'!I:I, "Passed") | D18: =COUNTIFS('Detailed Test Cases'!B:B, A18, 'Detailed Test Cases'!I:I, "Failed") | E18: =COUNTIFS('Detailed Test Cases'!B:B, A18, 'Detailed Test Cases'!I:I, "Skipped") | F18: =COUNTIFS('Detailed Test Cases'!B:B, A18, 'Detailed Test Cases'!I:I, "Blocked") | G18: =COUNTIFS('Detailed Test Cases'!B:B, A18, 'Detailed Test Cases'!I:I, "Not Executed")
A19: DashboardScreen | B19: =COUNTIF('Detailed Test Cases'!B:B, A19) | C19: =COUNTIFS('Detailed Test Cases'!B:B, A19, 'Detailed Test Cases'!I:I, "Passed") | D19: =COUNTIFS('Detailed Test Cases'!B:B, A19, 'Detailed Test Cases'!I:I, "Failed") | E19: =COUNTIFS('Detailed Test Cases'!B:B, A19, 'Detailed Test Cases'!I:I, "Skipped") | F19: =COUNTIFS('Detailed Test Cases'!B:B, A19, 'Detailed Test Cases'!I:I, "Blocked") | G19: =COUNTIFS('Detailed Test Cases'!B:B, A19, 'Detailed Test Cases'!I:I, "Not Executed")
A20: HomeTab | B20: =COUNTIF('Detailed Test Cases'!B:B, A20) | C20: =COUNTIFS('Detailed Test Cases'!B:B, A20, 'Detailed Test Cases'!I:I, "Passed") | D20: =COUNTIFS('Detailed Test Cases'!B:B, A20, 'Detailed Test Cases'!I:I, "Failed") | E20: =COUNTIFS('Detailed Test Cases'!B:B, A20, 'Detailed Test Cases'!I:I, "Skipped") | F20: =COUNTIFS('Detailed Test Cases'!B:B, A20, 'Detailed Test Cases'!I:I, "Blocked") | G20: =COUNTIFS('Detailed Test Cases'!B:B, A20, 'Detailed Test Cases'!I:I, "Not Executed")
... A43: SupabaseIntegrationModule | B43: =COUNTIF('Detailed Test Cases'!B:B, A43) | C43: =COUNTIFS('Detailed Test Cases'!B:B, A43, 'Detailed Test Cases'!I:I, "Passed") | D43: =COUNTIFS('Detailed Test Cases'!B:B, A43, 'Detailed Test Cases'!I:I, "Failed") | E43: =COUNTIFS('Detailed Test Cases'!B:B, A43, 'Detailed Test Cases'!I:I, "Skipped") | F43: =COUNTIFS('Detailed Test Cases'!B:B, A43, 'Detailed Test Cases'!I:I, "Blocked") | G43: =COUNTIFS('Detailed Test Cases'!B:B, A43, 'Detailed Test Cases'!I:I, "Not Executed")
A44: Total Suite | B44: =SUM(B9:B43) | C44: =SUM(C9:C43) | D44: =SUM(D9:D43) | E44: =SUM(E9:E43) | F44: =SUM(F9:F43) | G44: =SUM(G9:G43)

Sheet Detailed Test Cases
A1: Test Case ID | B1: Module/Screen | C1: Test Category | D1: Test Scenario | E1: Test Steps | F1: Test Data | G1: Expected Result | H1: Actual Result | I1: Status | J1: Priority | K1: Severity | L1: Automation Status | M1: Environment | N1: Browser/Device | O1: Remarks
A2: TC-001 | B2: SplashScreen | C2: Selenium Web UI Testing | D2: Positive Web UI Layout on Splash & Onboarding Screen | E2: 1. Launch test runner in Staging / Web Chrome. 2. Navigate to Splash & Onboarding Screen (SplashScreen). 3. Launch browser, navigate to SplashScreen, verify grid container alignment and responsive element scaling. 4. Verify expected results and log evidence. | F2: Viewport: 1920x1080, Screen: SplashScreen | G2: UI components align cleanly without scrollbar clipping or overflow. | H2: Pending Execution | I2: Not Executed | J2: Medium | K2: Moderate | L2: Script Ready | M2: Staging / Web Chrome | N2: Chrome v126 / Edge v126 | O2: Screen-specific baseline case for Splash & Onboarding Screen
A3: TC-002 | B3: SplashScreen | C3: Selenium Web UI Testing | D3: Negative Input Form Validation on Splash & Onboarding Screen | E3: 1. Launch test runner in Staging / Web Chrome. 2. Navigate to Splash & Onboarding Screen (SplashScreen). 3. Focus input controls on SplashScreen, enter out-of-bound strings, trigger blur event. 4. Verify expected results and log evidence. | F3: Input: invalid_string, Screen: SplashScreen | G3: Validation badge displays accessible aria error message. | H3: Pending Execution | I3: Not Executed | J3: Medium | K3: Major | L3: Script Ready | M3: Staging / Web Chrome | N3: Chrome v126 / Edge v126 | O3: Screen-specific baseline case for Splash & Onboarding Screen
A4: TC-003 | B4: SplashScreen | C4: Selenium Web UI Testing | D4: Boundary Viewport Responsiveness on Splash & Onboarding Screen | E4: 1. Launch test runner in Staging / Web Chrome. 2. Navigate to Splash & Onboarding Screen (SplashScreen). 3. Resize web browser window from 320px mobile breakpoint up to 4K desktop width. 4. Verify expected results and log evidence. | F4: Breakpoint Widths: [320, 768, 1024, 1440, 3840] | G4: Layout adapts responsively without overlapping UI text nodes. | H4: Pending Execution | I4: Not Executed | J4: High | K4: Moderate | L4: Script Ready | M4: Staging / Web Chrome | N4: Chrome v126 / Edge v126 | O4: Screen-specific baseline case for Splash & Onboarding Screen
A5: TC-004 | B5: SplashScreen | C5: Selenium Web UI Testing | D5: Interactive Hover & Focus Traversal on Splash & Onboarding Screen | E5: 1. Launch test runner in Staging / Web Chrome. 2. Navigate to Splash & Onboarding Screen (SplashScreen). 3. Tab through interactive focusable nodes on SplashScreen, hover cursor over CTA buttons. 4. Verify expected results and log evidence. | F5: Key Navigation: TAB, Hover target: SplashScreen | G5: Focus ring highlights elements in logical DOM tab order. | H5: Pending Execution | I5: Not Executed | J5: Medium | K5: Major | L5: Script Ready | M5: Staging / Web Chrome | N5: Chrome v126 / Edge v126 | O5: Screen-specific baseline case for Splash & Onboarding Screen
A6: TC-005 | B6: SplashScreen | C6: Selenium Web UI Testing | D6: Cross-Browser Rendering Parity on Splash & Onboarding Screen | E6: 1. Launch test runner in Staging / Web Chrome. 2. Navigate to Splash & Onboarding Screen (SplashScreen). 3. Execute UI test suite for SplashScreen across Chrome, Firefox, Safari, and Edge. 4. Verify expected results and log evidence. | F6: Browsers: Chrome, Firefox, Safari, Edge | G6: DOM element styles render identically with zero CSS misalignment. | H6: Pending Execution | I6: Not Executed | J6: Low | K6: Moderate | L6: Script Ready | M6: Staging / Web Chrome | N6: Chrome v126 / Edge v126 | O6: Screen-specific baseline case for Splash & Onboarding Screen
A7: TC-006 | B7: SplashScreen | C7: Selenium Web UI Testing | D7: Arabic Right-to-Left (RTL) Layout on Splash & Onboarding Screen | E7: 1. Launch test runner in Staging / Web Chrome. 2. Navigate to Splash & Onboarding Screen (SplashScreen). 3. Switch locale to Arabic (ar_SA) on SplashScreen, inspect text direction and icon mirroring. 4. Verify expected results and log evidence. | F7: Locale: ar_SA, Target: SplashScreen | G7: UI flips to right-to-left layout with mirrored icons and aligned text. | H7: Pending Execution | I7: Not Executed | J7: High | K7: Major | L7: Script Ready | M7: Staging / Web Chrome | N7: Chrome v126 / Edge v126 | O7: Screen-specific baseline case for Splash & Onboarding Screen
A8: TC-007 | B8: SplashScreen | C8: Selenium Web UI Testing | D8: Localization & Multi-Language Switching on Splash & Onboarding Screen | E8: 1. Launch test runner in Staging / Web Chrome. 2. Navigate to Splash & Onboarding Screen (SplashScreen). 3. Toggle header language dropdown on SplashScreen between English, Hindi, and Arabic. 4. Verify expected results and log evidence. | F8: Locales: en, hi, ar | G8: All visible text strings update to selected language instantly. | H8: Pending Execution | I8: Not Executed | J8: Medium | K8: Critical | L8: Script Ready | M8: Staging / Web Chrome | N8: Chrome v126 / Edge v126 | O8: Screen-specific baseline case for Splash & Onboarding Screen
A9: TC-008 | B9: SplashScreen | C9: Selenium Web UI Testing | D9: Data Table & Grid State Retention on Splash & Onboarding Screen | E9: 1. Launch test runner in Staging / Web Chrome. 2. Navigate to Splash & Onboarding Screen (SplashScreen). 3. Interact with data filters or state controls on SplashScreen, navigate away and return. 4. Verify expected results and log evidence. | F9: State Payload: SplashScreen_filter | G9: Screen preserves applied filter state without unexpected reset. | H9: Pending Execution | I9: Not Executed | J9: Medium | K9: Major | L9: Script Ready | M9: Staging / Web Chrome | N9: Chrome v126 / Edge v126 | O9: Screen-specific baseline case for Splash & Onboarding Screen
A10: TC-009 | B10: SplashScreen | C10: Selenium Web UI Testing | D10: Modal Backdrop & Keyboard Escape on Splash & Onboarding Screen | E10: 1. Launch test runner in Staging / Web Chrome. 2. Navigate to Splash & Onboarding Screen (SplashScreen). 3. Trigger pop-up dialog/modal on SplashScreen, press Escape key to dismiss. 4. Verify expected results and log evidence. | F10: Modal Target: SplashScreen | G10: Modal closes smoothly and returns focus to parent container. | H10: Pending Execution | I10: Not Executed | J10: High | K10: Moderate | L10: Script Ready | M10: Staging / Web Chrome | N10: Chrome v126 / Edge v126 | O10: Screen-specific baseline case for Splash & Onboarding Screen
A11: TC-010 | B11: SplashScreen | C11: Selenium Web UI Testing | D11: Network Failure UI Fallback on Splash & Onboarding Screen | E11: 1. Launch test runner in Staging / Web Chrome. 2. Navigate to Splash & Onboarding Screen (SplashScreen). 3. Throttled network to offline mode while viewing SplashScreen, attempt UI interaction. 4. Verify expected results and log evidence. | F11: Network: Offline, Target: SplashScreen | G11: User-friendly offline banner appears with retry button. | H11: Pending Execution | I11: Not Executed | J11: Low | K11: Major | L11: Script Ready | M11: Staging / Web Chrome | N11: Chrome v126 / Edge v126 | O11: Screen-specific baseline case for Splash & Onboarding Screen
A12: TC-011 | B12: LoginScreen | C12: Selenium Web UI Testing | D12: Positive Web UI Layout on Login & Authentication Screen | E12: 1. Launch test runner in Staging / Web Chrome. 2. Navigate to Login & Authentication Screen (LoginScreen). 3. Launch browser, navigate to LoginScreen, verify grid container alignment and responsive element scaling. 4. Verify expected results and log evidence. | F12: Viewport: 1920x1080, Screen: LoginScreen | G12: UI components align cleanly without scrollbar clipping or overflow. | H12: Pending Execution | I12: Not Executed | J12: Medium | K12: Moderate | L12: Script Ready | M12: Staging / Web Chrome | N12: Chrome v126 / Edge v126 | O12: Screen-specific baseline case for Login & Authentication Screen
... A351: TC-350 | B351: SupabaseIntegrationModule | C351: Selenium Web UI Testing | D351: Network Failure UI Fallback on Supabase PostgreSQL Database Sync | E351: 1. Launch test runner in Staging / Web Chrome. 2. Navigate to Supabase PostgreSQL Database Sync (SupabaseIntegrationModule). 3. Throttled network to offline mode while viewing SupabaseIntegrationModule, attempt UI interaction. 4. Verify expected results and log evidence. | F351: Network: Offline, Target: SupabaseIntegrationModule | G351: User-friendly offline banner appears with retry button. | H351: Pending Execution | I351: Not Executed | J351: Low | K351: Critical | L351: Script Ready | M351: Staging / Web Chrome | N351: Chrome v126 / Edge v126 | O351: Screen-specific baseline case for Supabase PostgreSQL Database Sync

Sheet Execution Evidence
A1: Test Case ID | B1: Module/Screen | C1: Test Scenario | D1: Status | E1: Evidence Path | F1: Timestamp | G1: Verification Notes
A2: TC-001 | B2: SplashScreen | C2: Positive Web UI Layout on Splash & Onboarding Screen | D2: Not Executed | E2: testing-reports/evidence/tc-001_proof.png | F2: 2026-07-22 00:00:00 UTC | G2: Baseline execution artifact initialized
A3: TC-002 | B3: SplashScreen | C3: Negative Input Form Validation on Splash & Onboarding Screen | D3: Not Executed | E3: testing-reports/evidence/tc-002_proof.png | F3: 2026-07-22 00:00:00 UTC | G3: Baseline execution artifact initialized
A4: TC-003 | B4: SplashScreen | C4: Boundary Viewport Responsiveness on Splash & Onboarding Screen | D4: Not Executed | E4: testing-reports/evidence/tc-003_proof.png | F4: 2026-07-22 00:00:00 UTC | G4: Baseline execution artifact initialized
A5: TC-004 | B5: SplashScreen | C5: Interactive Hover & Focus Traversal on Splash & Onboarding Screen | D5: Not Executed | E5: testing-reports/evidence/tc-004_proof.png | F5: 2026-07-22 00:00:00 UTC | G5: Baseline execution artifact initialized
A6: TC-005 | B6: SplashScreen | C6: Cross-Browser Rendering Parity on Splash & Onboarding Screen | D6: Not Executed | E6: testing-reports/evidence/tc-005_proof.png | F6: 2026-07-22 00:00:00 UTC | G6: Baseline execution artifact initialized
A7: TC-006 | B7: SplashScreen | C7: Arabic Right-to-Left (RTL) Layout on Splash & Onboarding Screen | D7: Not Executed | E7: testing-reports/evidence/tc-006_proof.png | F7: 2026-07-22 00:00:00 UTC | G7: Baseline execution artifact initialized
A8: TC-007 | B8: SplashScreen | C8: Localization & Multi-Language Switching on Splash & Onboarding Screen | D8: Not Executed | E8: testing-reports/evidence/tc-007_proof.png | F8: 2026-07-22 00:00:00 UTC | G8: Baseline execution artifact initialized
A9: TC-008 | B9: SplashScreen | C9: Data Table & Grid State Retention on Splash & Onboarding Screen | D9: Not Executed | E9: testing-reports/evidence/tc-008_proof.png | F9: 2026-07-22 00:00:00 UTC | G9: Baseline execution artifact initialized
A10: TC-009 | B10: SplashScreen | C10: Modal Backdrop & Keyboard Escape on Splash & Onboarding Screen | D10: Not Executed | E10: testing-reports/evidence/tc-009_proof.png | F10: 2026-07-22 00:00:00 UTC | G10: Baseline execution artifact initialized
A11: TC-010 | B11: SplashScreen | C11: Network Failure UI Fallback on Splash & Onboarding Screen | D11: Not Executed | E11: testing-reports/evidence/tc-010_proof.png | F11: 2026-07-22 00:00:00 UTC | G11: Baseline execution artifact initialized
A12: TC-011 | B12: LoginScreen | C12: Positive Web UI Layout on Login & Authentication Screen | D12: Not Executed | E12: testing-reports/evidence/tc-011_proof.png | F12: 2026-07-22 00:00:00 UTC | G12: Baseline execution artifact initialized
... A21: TC-020 | B21: LoginScreen | C21: Network Failure UI Fallback on Login & Authentication Screen | D21: Not Executed | E21: testing-reports/evidence/tc-020_proof.png | F21: 2026-07-22 00:00:00 UTC | G21: Baseline execution artifact initialized
