Workbook

Sheet Summary Dashboard
A1: NutriFit QA Report - Safe Vulnerability & Security Checks
A2: Report File: NutriFit_Vulnerability_Test_Report.xlsx | Total Modules: 35 | 10 Cases Per Module | Total: 350 Cases
A4: Total Test Cases | B4: Passed | C4: Failed | D4: Skipped | E4: Blocked | F4: Not Executed | G4: Pass Rate %
A5: =COUNT('Detailed Test Cases'!A:A) | B5: =COUNTIF('Detailed Test Cases'!G:G, "Passed") | C5: =COUNTIF('Detailed Test Cases'!G:G, "Failed") | D5: =COUNTIF('Detailed Test Cases'!G:G, "Skipped") | E5: =COUNTIF('Detailed Test Cases'!G:G, "Blocked") | F5: =COUNTIF('Detailed Test Cases'!G:G, "Not Executed") | G5: =IF(B4=0, "0%", TEXT(B5/B4, "0.0%"))
A7: Module-Wise Test Coverage Breakdown (All 35 Modules)
A8: Module | B8: Total Cases | C8: Passed | D8: Failed | E8: Skipped | F8: Blocked | G8: Not Executed
A9: SplashScreen | B9: =COUNTIF('Detailed Test Cases'!B:B, A9) | C9: =COUNTIFS('Detailed Test Cases'!B:B, A9, 'Detailed Test Cases'!G:G, "Passed") | D9: =COUNTIFS('Detailed Test Cases'!B:B, A9, 'Detailed Test Cases'!G:G, "Failed") | E9: =COUNTIFS('Detailed Test Cases'!B:B, A9, 'Detailed Test Cases'!G:G, "Skipped") | F9: =COUNTIFS('Detailed Test Cases'!B:B, A9, 'Detailed Test Cases'!G:G, "Blocked") | G9: =COUNTIFS('Detailed Test Cases'!B:B, A9, 'Detailed Test Cases'!G:G, "Not Executed")
A10: LoginScreen | B10: =COUNTIF('Detailed Test Cases'!B:B, A10) | C10: =COUNTIFS('Detailed Test Cases'!B:B, A10, 'Detailed Test Cases'!G:G, "Passed") | D10: =COUNTIFS('Detailed Test Cases'!B:B, A10, 'Detailed Test Cases'!G:G, "Failed") | E10: =COUNTIFS('Detailed Test Cases'!B:B, A10, 'Detailed Test Cases'!G:G, "Skipped") | F10: =COUNTIFS('Detailed Test Cases'!B:B, A10, 'Detailed Test Cases'!G:G, "Blocked") | G10: =COUNTIFS('Detailed Test Cases'!B:B, A10, 'Detailed Test Cases'!G:G, "Not Executed")
A11: SignUpScreen | B11: =COUNTIF('Detailed Test Cases'!B:B, A11) | C11: =COUNTIFS('Detailed Test Cases'!B:B, A11, 'Detailed Test Cases'!G:G, "Passed") | D11: =COUNTIFS('Detailed Test Cases'!B:B, A11, 'Detailed Test Cases'!G:G, "Failed") | E11: =COUNTIFS('Detailed Test Cases'!B:B, A11, 'Detailed Test Cases'!G:G, "Skipped") | F11: =COUNTIFS('Detailed Test Cases'!B:B, A11, 'Detailed Test Cases'!G:G, "Blocked") | G11: =COUNTIFS('Detailed Test Cases'!B:B, A11, 'Detailed Test Cases'!G:G, "Not Executed")
A12: ForgotScreen | B12: =COUNTIF('Detailed Test Cases'!B:B, A12) | C12: =COUNTIFS('Detailed Test Cases'!B:B, A12, 'Detailed Test Cases'!G:G, "Passed") | D12: =COUNTIFS('Detailed Test Cases'!B:B, A12, 'Detailed Test Cases'!G:G, "Failed") | E12: =COUNTIFS('Detailed Test Cases'!B:B, A12, 'Detailed Test Cases'!G:G, "Skipped") | F12: =COUNTIFS('Detailed Test Cases'!B:B, A12, 'Detailed Test Cases'!G:G, "Blocked") | G12: =COUNTIFS('Detailed Test Cases'!B:B, A12, 'Detailed Test Cases'!G:G, "Not Executed")
A13: SelectScreen | B13: =COUNTIF('Detailed Test Cases'!B:B, A13) | C13: =COUNTIFS('Detailed Test Cases'!B:B, A13, 'Detailed Test Cases'!G:G, "Passed") | D13: =COUNTIFS('Detailed Test Cases'!B:B, A13, 'Detailed Test Cases'!G:G, "Failed") | E13: =COUNTIFS('Detailed Test Cases'!B:B, A13, 'Detailed Test Cases'!G:G, "Skipped") | F13: =COUNTIFS('Detailed Test Cases'!B:B, A13, 'Detailed Test Cases'!G:G, "Blocked") | G13: =COUNTIFS('Detailed Test Cases'!B:B, A13, 'Detailed Test Cases'!G:G, "Not Executed")
A14: GoalScreen | B14: =COUNTIF('Detailed Test Cases'!B:B, A14) | C14: =COUNTIFS('Detailed Test Cases'!B:B, A14, 'Detailed Test Cases'!G:G, "Passed") | D14: =COUNTIFS('Detailed Test Cases'!B:B, A14, 'Detailed Test Cases'!G:G, "Failed") | E14: =COUNTIFS('Detailed Test Cases'!B:B, A14, 'Detailed Test Cases'!G:G, "Skipped") | F14: =COUNTIFS('Detailed Test Cases'!B:B, A14, 'Detailed Test Cases'!G:G, "Blocked") | G14: =COUNTIFS('Detailed Test Cases'!B:B, A14, 'Detailed Test Cases'!G:G, "Not Executed")
A15: GenderScreen | B15: =COUNTIF('Detailed Test Cases'!B:B, A15) | C15: =COUNTIFS('Detailed Test Cases'!B:B, A15, 'Detailed Test Cases'!G:G, "Passed") | D15: =COUNTIFS('Detailed Test Cases'!B:B, A15, 'Detailed Test Cases'!G:G, "Failed") | E15: =COUNTIFS('Detailed Test Cases'!B:B, A15, 'Detailed Test Cases'!G:G, "Skipped") | F15: =COUNTIFS('Detailed Test Cases'!B:B, A15, 'Detailed Test Cases'!G:G, "Blocked") | G15: =COUNTIFS('Detailed Test Cases'!B:B, A15, 'Detailed Test Cases'!G:G, "Not Executed")
A16: FoodScreen | B16: =COUNTIF('Detailed Test Cases'!B:B, A16) | C16: =COUNTIFS('Detailed Test Cases'!B:B, A16, 'Detailed Test Cases'!G:G, "Passed") | D16: =COUNTIFS('Detailed Test Cases'!B:B, A16, 'Detailed Test Cases'!G:G, "Failed") | E16: =COUNTIFS('Detailed Test Cases'!B:B, A16, 'Detailed Test Cases'!G:G, "Skipped") | F16: =COUNTIFS('Detailed Test Cases'!B:B, A16, 'Detailed Test Cases'!G:G, "Blocked") | G16: =COUNTIFS('Detailed Test Cases'!B:B, A16, 'Detailed Test Cases'!G:G, "Not Executed")
A17: LocationScreen | B17: =COUNTIF('Detailed Test Cases'!B:B, A17) | C17: =COUNTIFS('Detailed Test Cases'!B:B, A17, 'Detailed Test Cases'!G:G, "Passed") | D17: =COUNTIFS('Detailed Test Cases'!B:B, A17, 'Detailed Test Cases'!G:G, "Failed") | E17: =COUNTIFS('Detailed Test Cases'!B:B, A17, 'Detailed Test Cases'!G:G, "Skipped") | F17: =COUNTIFS('Detailed Test Cases'!B:B, A17, 'Detailed Test Cases'!G:G, "Blocked") | G17: =COUNTIFS('Detailed Test Cases'!B:B, A17, 'Detailed Test Cases'!G:G, "Not Executed")
A18: NumberScreen | B18: =COUNTIF('Detailed Test Cases'!B:B, A18) | C18: =COUNTIFS('Detailed Test Cases'!B:B, A18, 'Detailed Test Cases'!G:G, "Passed") | D18: =COUNTIFS('Detailed Test Cases'!B:B, A18, 'Detailed Test Cases'!G:G, "Failed") | E18: =COUNTIFS('Detailed Test Cases'!B:B, A18, 'Detailed Test Cases'!G:G, "Skipped") | F18: =COUNTIFS('Detailed Test Cases'!B:B, A18, 'Detailed Test Cases'!G:G, "Blocked") | G18: =COUNTIFS('Detailed Test Cases'!B:B, A18, 'Detailed Test Cases'!G:G, "Not Executed")
A19: DashboardScreen | B19: =COUNTIF('Detailed Test Cases'!B:B, A19) | C19: =COUNTIFS('Detailed Test Cases'!B:B, A19, 'Detailed Test Cases'!G:G, "Passed") | D19: =COUNTIFS('Detailed Test Cases'!B:B, A19, 'Detailed Test Cases'!G:G, "Failed") | E19: =COUNTIFS('Detailed Test Cases'!B:B, A19, 'Detailed Test Cases'!G:G, "Skipped") | F19: =COUNTIFS('Detailed Test Cases'!B:B, A19, 'Detailed Test Cases'!G:G, "Blocked") | G19: =COUNTIFS('Detailed Test Cases'!B:B, A19, 'Detailed Test Cases'!G:G, "Not Executed")
A20: HomeTab | B20: =COUNTIF('Detailed Test Cases'!B:B, A20) | C20: =COUNTIFS('Detailed Test Cases'!B:B, A20, 'Detailed Test Cases'!G:G, "Passed") | D20: =COUNTIFS('Detailed Test Cases'!B:B, A20, 'Detailed Test Cases'!G:G, "Failed") | E20: =COUNTIFS('Detailed Test Cases'!B:B, A20, 'Detailed Test Cases'!G:G, "Skipped") | F20: =COUNTIFS('Detailed Test Cases'!B:B, A20, 'Detailed Test Cases'!G:G, "Blocked") | G20: =COUNTIFS('Detailed Test Cases'!B:B, A20, 'Detailed Test Cases'!G:G, "Not Executed")
... A43: SupabaseIntegrationModule | B43: =COUNTIF('Detailed Test Cases'!B:B, A43) | C43: =COUNTIFS('Detailed Test Cases'!B:B, A43, 'Detailed Test Cases'!G:G, "Passed") | D43: =COUNTIFS('Detailed Test Cases'!B:B, A43, 'Detailed Test Cases'!G:G, "Failed") | E43: =COUNTIFS('Detailed Test Cases'!B:B, A43, 'Detailed Test Cases'!G:G, "Skipped") | F43: =COUNTIFS('Detailed Test Cases'!B:B, A43, 'Detailed Test Cases'!G:G, "Blocked") | G43: =COUNTIFS('Detailed Test Cases'!B:B, A43, 'Detailed Test Cases'!G:G, "Not Executed")
A44: Total Suite | B44: =SUM(B9:B43) | C44: =SUM(C9:C43) | D44: =SUM(D9:D43) | E44: =SUM(E9:E43) | F44: =SUM(F9:F43) | G44: =SUM(G9:G43)

Sheet Detailed Test Cases
A1: Test Case ID | B1: Module | C1: Test Scenario | D1: Test Steps | E1: Expected Result | F1: Actual Result | G1: Status | H1: Priority
A2: TC_001 | B2: SplashScreen | C2: Verify brute-force defense and authentication lockout rules on SplashScreen | D2: Submit 10 rapid invalid login/auth attempts on SplashScreen. Inspect response headers. Verify account locks after 5 attempts with 429 status. | E2: Security control for SplashScreen successfully blocks unauthorized access or malicious input. | F2: Not Executed | G2: Not Executed | H2: Medium
A3: TC_002 | B3: SplashScreen | C3: Verify role-based access control (RBAC) and IDOR vulnerability defense on SplashScreen | D3: Attempt accessing secondary user private resource on SplashScreen using non-owner JWT. Inspect server response. Verify access denied with 403 Forbidden. | E3: Security control for SplashScreen successfully blocks unauthorized access or malicious input. | F3: Not Executed | G3: Not Executed | H3: Medium
A4: TC_003 | B4: SplashScreen | C4: Verify session JWT token expiration and invalidation handling on SplashScreen | D4: Present expired JWT token to SplashScreen API endpoint. Inspect response. Verify session invalidated and redirected to login. | E4: Input validation on SplashScreen correctly enforces rules and displays error hints. | F4: Not Executed | G4: Not Executed | H4: High
A5: TC_004 | B5: SplashScreen | C5: Verify input sanitization and SQL injection defense on SplashScreen | D5: Submit safe SQLi test string `' OR '1'='1` into input fields on SplashScreen. Inspect database query log. Verify query parameterized without syntax error. | E5: Input validation on SplashScreen correctly enforces rules and displays error hints. | F5: Not Executed | G5: Not Executed | H5: Medium
A6: TC_005 | B6: SplashScreen | C6: Verify Cross-Site Scripting (XSS) DOM escaping and sanitization on SplashScreen | D6: Submit safe script tag `<script>alert(1)</script>` into SplashScreen input fields. Inspect rendered DOM node. Verify string rendered as literal text without execution. | E6: Endpoint for SplashScreen handles load within SLA response time limits with 0.0% errors. | F6: Not Executed | G6: Not Executed | H6: Low
A7: TC_006 | B7: SplashScreen | C7: Verify TLS 1.3 transport layer encryption enforcement on SplashScreen | D7: Inspect network connection parameters for SplashScreen using security audit proxy. Verify TLS 1.3/1.2 cipher suite. Confirm insecure HTTP blocked. | E7: Verify expected behavior for SplashScreen under Safe Vulnerability & Security Checks scenario #6. | F7: Not Executed | G7: Not Executed | H7: High
A8: TC_007 | B8: SplashScreen | C8: Verify API rate limiting 429 Too Many Requests response on SplashScreen | D8: Send 100 rapid requests within 5 seconds to SplashScreen public API endpoint. Inspect response status. Verify HTTP 429 rate limit error returned. | E8: Endpoint for SplashScreen handles load within SLA response time limits with 0.0% errors. | F8: Not Executed | G8: Not Executed | H8: Medium
A9: TC_008 | B9: SplashScreen | C9: Verify Supabase Row Level Security (RLS) policy enforcement on SplashScreen | D9: Execute direct database query on SplashScreen table without authorization header. Inspect PostgreSQL response. Verify RLS policy blocks unauthorized row access. | E9: Security control for SplashScreen successfully blocks unauthorized access or malicious input. | F9: Not Executed | G9: Not Executed | H9: Medium
A10: TC_009 | B10: SplashScreen | C10: Verify privileged route guard interception on unauthenticated access to SplashScreen | D10: Attempt deep linking directly to protected route for SplashScreen without auth token. Inspect router behavior. Verify request intercepted and redirected. | E10: Security control for SplashScreen successfully blocks unauthorized access or malicious input. | F10: Not Executed | G10: Not Executed | H10: High
A11: TC_010 | B11: SplashScreen | C11: Verify sensitive data masking and log exposure prevention for SplashScreen | D11: Inspect application log output during operations on SplashScreen. Check password, token, and PII fields. Verify sensitive fields masked or omitted. | E11: Verify expected behavior for SplashScreen under Safe Vulnerability & Security Checks scenario #10. | F11: Not Executed | G11: Not Executed | H11: Low
A12: TC_011 | B12: LoginScreen | C12: Verify brute-force defense and authentication lockout rules on LoginScreen | D12: Submit 10 rapid invalid login/auth attempts on LoginScreen. Inspect response headers. Verify account locks after 5 attempts with 429 status. | E12: Security control for LoginScreen successfully blocks unauthorized access or malicious input. | F12: Not Executed | G12: Not Executed | H12: Medium
... A351: TC_350 | B351: SupabaseIntegrationModule | C351: Verify sensitive data masking and log exposure prevention for SupabaseIntegrationModule | D351: Inspect application log output during operations on SupabaseIntegrationModule. Check password, token, and PII fields. Verify sensitive fields masked or omitted. | E351: Verify expected behavior for SupabaseIntegrationModule under Safe Vulnerability & Security Checks scenario #10. | F351: Not Executed | G351: Not Executed | H351: Low

Sheet Execution Evidence
A1: Test Case ID | B1: Module | C1: Test Scenario | D1: Status | E1: Evidence Path | F1: Timestamp | G1: Verification Notes
A2: TC_001 | B2: SplashScreen | C2: Verify brute-force defense and authentication lockout rules on SplashScreen | D2: Not Executed | E2: testing-reports/evidence/tc_001_proof.png | F2: 2026-07-22 00:00:00 UTC | G2: Baseline execution artifact initialized
A3: TC_002 | B3: SplashScreen | C3: Verify role-based access control (RBAC) and IDOR vulnerability defense on SplashScreen | D3: Not Executed | E3: testing-reports/evidence/tc_002_proof.png | F3: 2026-07-22 00:00:00 UTC | G3: Baseline execution artifact initialized
A4: TC_003 | B4: SplashScreen | C4: Verify session JWT token expiration and invalidation handling on SplashScreen | D4: Not Executed | E4: testing-reports/evidence/tc_003_proof.png | F4: 2026-07-22 00:00:00 UTC | G4: Baseline execution artifact initialized
A5: TC_004 | B5: SplashScreen | C5: Verify input sanitization and SQL injection defense on SplashScreen | D5: Not Executed | E5: testing-reports/evidence/tc_004_proof.png | F5: 2026-07-22 00:00:00 UTC | G5: Baseline execution artifact initialized
A6: TC_005 | B6: SplashScreen | C6: Verify Cross-Site Scripting (XSS) DOM escaping and sanitization on SplashScreen | D6: Not Executed | E6: testing-reports/evidence/tc_005_proof.png | F6: 2026-07-22 00:00:00 UTC | G6: Baseline execution artifact initialized
A7: TC_006 | B7: SplashScreen | C7: Verify TLS 1.3 transport layer encryption enforcement on SplashScreen | D7: Not Executed | E7: testing-reports/evidence/tc_006_proof.png | F7: 2026-07-22 00:00:00 UTC | G7: Baseline execution artifact initialized
A8: TC_007 | B8: SplashScreen | C8: Verify API rate limiting 429 Too Many Requests response on SplashScreen | D8: Not Executed | E8: testing-reports/evidence/tc_007_proof.png | F8: 2026-07-22 00:00:00 UTC | G8: Baseline execution artifact initialized
A9: TC_008 | B9: SplashScreen | C9: Verify Supabase Row Level Security (RLS) policy enforcement on SplashScreen | D9: Not Executed | E9: testing-reports/evidence/tc_008_proof.png | F9: 2026-07-22 00:00:00 UTC | G9: Baseline execution artifact initialized
A10: TC_009 | B10: SplashScreen | C10: Verify privileged route guard interception on unauthenticated access to SplashScreen | D10: Not Executed | E10: testing-reports/evidence/tc_009_proof.png | F10: 2026-07-22 00:00:00 UTC | G10: Baseline execution artifact initialized
A11: TC_010 | B11: SplashScreen | C11: Verify sensitive data masking and log exposure prevention for SplashScreen | D11: Not Executed | E11: testing-reports/evidence/tc_010_proof.png | F11: 2026-07-22 00:00:00 UTC | G11: Baseline execution artifact initialized
A12: TC_011 | B12: LoginScreen | C12: Verify brute-force defense and authentication lockout rules on LoginScreen | D12: Not Executed | E12: testing-reports/evidence/tc_011_proof.png | F12: 2026-07-22 00:00:00 UTC | G12: Baseline execution artifact initialized
... A21: TC_020 | B21: LoginScreen | C21: Verify sensitive data masking and log exposure prevention for LoginScreen | D21: Not Executed | E21: testing-reports/evidence/tc_020_proof.png | F21: 2026-07-22 00:00:00 UTC | G21: Baseline execution artifact initialized
