Workbook

Sheet Test Summary
A1: NutriFit Application - Complete QA Test Case Report
A2: Automated & Manual Quality Assurance Suite | Target: Web & Android | Total Test Cases: 360
A4: Total Test Cases | B4: Passed | C4: Failed | D4: Skipped | E4: Blocked | F4: Not Executed | G4: Execution Progress
A5: =SUM(B9:B14) | B5: =COUNTIF('Selenium Tests'!N:N, "Passed") + COUNTIF('Appium E2E Tests'!N:N, "Passed") + COUNTIF('Flutter Tests'!N:N, "Passed") + COUNTIF('Functional Tests'!N:N, "Passed") + COUNTIF('Load Tests'!N:N, "Passed") + COUNTIF('Safe Vulnerability Checks'!N:N, "Passed") | C5: =COUNTIF('Selenium Tests'!N:N, "Failed") + COUNTIF('Appium E2E Tests'!N:N, "Failed") + COUNTIF('Flutter Tests'!N:N, "Failed") + COUNTIF('Functional Tests'!N:N, "Failed") + COUNTIF('Load Tests'!N:N, "Failed") + COUNTIF('Safe Vulnerability Checks'!N:N, "Failed") | D5: =COUNTIF('Selenium Tests'!N:N, "Skipped") + COUNTIF('Appium E2E Tests'!N:N, "Skipped") + COUNTIF('Flutter Tests'!N:N, "Skipped") + COUNTIF('Functional Tests'!N:N, "Skipped") + COUNTIF('Load Tests'!N:N, "Skipped") + COUNTIF('Safe Vulnerability Checks'!N:N, "Skipped") | E5: =COUNTIF('Selenium Tests'!N:N, "Blocked") + COUNTIF('Appium E2E Tests'!N:N, "Blocked") + COUNTIF('Flutter Tests'!N:N, "Blocked") + COUNTIF('Functional Tests'!N:N, "Blocked") + COUNTIF('Load Tests'!N:N, "Blocked") + COUNTIF('Safe Vulnerability Checks'!N:N, "Blocked") | F5: =COUNTIF('Selenium Tests'!N:N, "Not Executed") + COUNTIF('Appium E2E Tests'!N:N, "Not Executed") + COUNTIF('Flutter Tests'!N:N, "Not Executed") + COUNTIF('Functional Tests'!N:N, "Not Executed") + COUNTIF('Load Tests'!N:N, "Not Executed") + COUNTIF('Safe Vulnerability Checks'!N:N, "Not Executed") | G5: =IF(B4=0, "0%", TEXT((B4-G4)/B4, "0.0%"))
A7: 1. Testing Type Breakdown
A8: Testing Type | B8: Total Cases | C8: Passed | D8: Failed | E8: Skipped | F8: Blocked | G8: Not Executed | H8: Pass Rate %
A9: Selenium Web UI Testing | B9: 100 | C9: =COUNTIF('Selenium Tests'!N:N, "Passed") | D9: =COUNTIF('Selenium Tests'!N:N, "Failed") | E9: =COUNTIF('Selenium Tests'!N:N, "Skipped") | F9: =COUNTIF('Selenium Tests'!N:N, "Blocked") | G9: =COUNTIF('Selenium Tests'!N:N, "Not Executed") | H9: =IF(B9=0, "0%", TEXT(C9/B9, "0.0%"))
A10: Appium Android E2E Testing | B10: 90 | C10: =COUNTIF('Appium E2E Tests'!N:N, "Passed") | D10: =COUNTIF('Appium E2E Tests'!N:N, "Failed") | E10: =COUNTIF('Appium E2E Tests'!N:N, "Skipped") | F10: =COUNTIF('Appium E2E Tests'!N:N, "Blocked") | G10: =COUNTIF('Appium E2E Tests'!N:N, "Not Executed") | H10: =IF(B10=0, "0%", TEXT(C10/B10, "0.0%"))
A11: Flutter Unit and Widget Testing | B11: 60 | C11: =COUNTIF('Flutter Tests'!N:N, "Passed") | D11: =COUNTIF('Flutter Tests'!N:N, "Failed") | E11: =COUNTIF('Flutter Tests'!N:N, "Skipped") | F11: =COUNTIF('Flutter Tests'!N:N, "Blocked") | G11: =COUNTIF('Flutter Tests'!N:N, "Not Executed") | H11: =IF(B11=0, "0%", TEXT(C11/B11, "0.0%"))
A12: Functional and Integration Testing | B12: 50 | C12: =COUNTIF('Functional Tests'!N:N, "Passed") | D12: =COUNTIF('Functional Tests'!N:N, "Failed") | E12: =COUNTIF('Functional Tests'!N:N, "Skipped") | F12: =COUNTIF('Functional Tests'!N:N, "Blocked") | G12: =COUNTIF('Functional Tests'!N:N, "Not Executed") | H12: =IF(B12=0, "0%", TEXT(C12/B12, "0.0%"))
A13: Load and Performance Testing | B13: 30 | C13: =COUNTIF('Load Tests'!N:N, "Passed") | D13: =COUNTIF('Load Tests'!N:N, "Failed") | E13: =COUNTIF('Load Tests'!N:N, "Skipped") | F13: =COUNTIF('Load Tests'!N:N, "Blocked") | G13: =COUNTIF('Load Tests'!N:N, "Not Executed") | H13: =IF(B13=0, "0%", TEXT(C13/B13, "0.0%"))
A14: Safe Vulnerability and Configuration Checks | B14: 30 | C14: =COUNTIF('Safe Vulnerability Checks'!N:N, "Passed") | D14: =COUNTIF('Safe Vulnerability Checks'!N:N, "Failed") | E14: =COUNTIF('Safe Vulnerability Checks'!N:N, "Skipped") | F14: =COUNTIF('Safe Vulnerability Checks'!N:N, "Blocked") | G14: =COUNTIF('Safe Vulnerability Checks'!N:N, "Not Executed") | H14: =IF(B14=0, "0%", TEXT(C14/B14, "0.0%"))
A15: Total Suite | B15: =SUM(B9:B14) | C15: =SUM(C9:C14) | D15: =SUM(D9:D14) | E15: =SUM(E9:E14) | F15: =SUM(F9:F14) | G15: =SUM(G9:G14) | H15: =IF(B15=0, "0%", TEXT(C15/B15, "0.0%"))
A17: 2. Module-Wise Test Coverage Summary (All 37 Modules)
A18: Module Name | B18: Total Cases | C18: Passed | D18: Failed | E18: Skipped | F18: Blocked | G18: Not Executed
A19: Splash | B19: =COUNTIF('Selenium Tests'!C:C, A19)+COUNTIF('Appium E2E Tests'!C:C, A19)+COUNTIF('Flutter Tests'!C:C, A19)+COUNTIF('Functional Tests'!C:C, A19)+COUNTIF('Load Tests'!C:C, A19)+COUNTIF('Safe Vulnerability Checks'!C:C, A19) | C19: =COUNTIFS('Selenium Tests'!C:C, A19, 'Selenium Tests'!N:N, "Passed")+COUNTIFS('Appium E2E Tests'!C:C, A19, 'Appium E2E Tests'!N:N, "Passed")+COUNTIFS('Flutter Tests'!C:C, A19, 'Flutter Tests'!N:N, "Passed")+COUNTIFS('Functional Tests'!C:C, A19, 'Functional Tests'!N:N, "Passed")+COUNTIFS('Load Tests'!C:C, A19, 'Load Tests'!N:N, "Passed")+COUNTIFS('Safe Vulnerability Checks'!C:C, A19, 'Safe Vulnerability Checks'!N:N, "Passed") | D19: =COUNTIFS('Selenium Tests'!C:C, A19, 'Selenium Tests'!N:N, "Failed")+COUNTIFS('Appium E2E Tests'!C:C, A19, 'Appium E2E Tests'!N:N, "Failed")+COUNTIFS('Flutter Tests'!C:C, A19, 'Flutter Tests'!N:N, "Failed")+COUNTIFS('Functional Tests'!C:C, A19, 'Functional Tests'!N:N, "Failed")+COUNTIFS('Load Tests'!C:C, A19, 'Load Tests'!N:N, "Failed")+COUNTIFS('Safe Vulnerability Checks'!C:C, A19, 'Safe Vulnerability Checks'!N:N, "Failed") | E19: =COUNTIFS('Selenium Tests'!C:C, A19, 'Selenium Tests'!N:N, "Skipped")+COUNTIFS('Appium E2E Tests'!C:C, A19, 'Appium E2E Tests'!N:N, "Skipped")+COUNTIFS('Flutter Tests'!C:C, A19, 'Flutter Tests'!N:N, "Skipped")+COUNTIFS('Functional Tests'!C:C, A19, 'Functional Tests'!N:N, "Skipped")+COUNTIFS('Load Tests'!C:C, A19, 'Load Tests'!N:N, "Skipped")+COUNTIFS('Safe Vulnerability Checks'!C:C, A19, 'Safe Vulnerability Checks'!N:N, "Skipped") | F19: =COUNTIFS('Selenium Tests'!C:C, A19, 'Selenium Tests'!N:N, "Blocked")+COUNTIFS('Appium E2E Tests'!C:C, A19, 'Appium E2E Tests'!N:N, "Blocked")+COUNTIFS('Flutter Tests'!C:C, A19, 'Flutter Tests'!N:N, "Blocked")+COUNTIFS('Functional Tests'!C:C, A19, 'Functional Tests'!N:N, "Blocked")+COUNTIFS('Load Tests'!C:C, A19, 'Load Tests'!N:N, "Blocked")+COUNTIFS('Safe Vulnerability Checks'!C:C, A19, 'Safe Vulnerability Checks'!N:N, "Blocked") | G19: =COUNTIFS('Selenium Tests'!C:C, A19, 'Selenium Tests'!N:N, "Not Executed")+COUNTIFS('Appium E2E Tests'!C:C, A19, 'Appium E2E Tests'!N:N, "Not Executed")+COUNTIFS('Flutter Tests'!C:C, A19, 'Flutter Tests'!N:N, "Not Executed")+COUNTIFS('Functional Tests'!C:C, A19, 'Functional Tests'!N:N, "Not Executed")+COUNTIFS('Load Tests'!C:C, A19, 'Load Tests'!N:N, "Not Executed")+COUNTIFS('Safe Vulnerability Checks'!C:C, A19, 'Safe Vulnerability Checks'!N:N, "Not Executed")
A20: Login | B20: =COUNTIF('Selenium Tests'!C:C, A20)+COUNTIF('Appium E2E Tests'!C:C, A20)+COUNTIF('Flutter Tests'!C:C, A20)+COUNTIF('Functional Tests'!C:C, A20)+COUNTIF('Load Tests'!C:C, A20)+COUNTIF('Safe Vulnerability Checks'!C:C, A20) | C20: =COUNTIFS('Selenium Tests'!C:C, A20, 'Selenium Tests'!N:N, "Passed")+COUNTIFS('Appium E2E Tests'!C:C, A20, 'Appium E2E Tests'!N:N, "Passed")+COUNTIFS('Flutter Tests'!C:C, A20, 'Flutter Tests'!N:N, "Passed")+COUNTIFS('Functional Tests'!C:C, A20, 'Functional Tests'!N:N, "Passed")+COUNTIFS('Load Tests'!C:C, A20, 'Load Tests'!N:N, "Passed")+COUNTIFS('Safe Vulnerability Checks'!C:C, A20, 'Safe Vulnerability Checks'!N:N, "Passed") | D20: =COUNTIFS('Selenium Tests'!C:C, A20, 'Selenium Tests'!N:N, "Failed")+COUNTIFS('Appium E2E Tests'!C:C, A20, 'Appium E2E Tests'!N:N, "Failed")+COUNTIFS('Flutter Tests'!C:C, A20, 'Flutter Tests'!N:N, "Failed")+COUNTIFS('Functional Tests'!C:C, A20, 'Functional Tests'!N:N, "Failed")+COUNTIFS('Load Tests'!C:C, A20, 'Load Tests'!N:N, "Failed")+COUNTIFS('Safe Vulnerability Checks'!C:C, A20, 'Safe Vulnerability Checks'!N:N, "Failed") | E20: =COUNTIFS('Selenium Tests'!C:C, A20, 'Selenium Tests'!N:N, "Skipped")+COUNTIFS('Appium E2E Tests'!C:C, A20, 'Appium E2E Tests'!N:N, "Skipped")+COUNTIFS('Flutter Tests'!C:C, A20, 'Flutter Tests'!N:N, "Skipped")+COUNTIFS('Functional Tests'!C:C, A20, 'Functional Tests'!N:N, "Skipped")+COUNTIFS('Load Tests'!C:C, A20, 'Load Tests'!N:N, "Skipped")+COUNTIFS('Safe Vulnerability Checks'!C:C, A20, 'Safe Vulnerability Checks'!N:N, "Skipped") | F20: =COUNTIFS('Selenium Tests'!C:C, A20, 'Selenium Tests'!N:N, "Blocked")+COUNTIFS('Appium E2E Tests'!C:C, A20, 'Appium E2E Tests'!N:N, "Blocked")+COUNTIFS('Flutter Tests'!C:C, A20, 'Flutter Tests'!N:N, "Blocked")+COUNTIFS('Functional Tests'!C:C, A20, 'Functional Tests'!N:N, "Blocked")+COUNTIFS('Load Tests'!C:C, A20, 'Load Tests'!N:N, "Blocked")+COUNTIFS('Safe Vulnerability Checks'!C:C, A20, 'Safe Vulnerability Checks'!N:N, "Blocked") | G20: =COUNTIFS('Selenium Tests'!C:C, A20, 'Selenium Tests'!N:N, "Not Executed")+COUNTIFS('Appium E2E Tests'!C:C, A20, 'Appium E2E Tests'!N:N, "Not Executed")+COUNTIFS('Flutter Tests'!C:C, A20, 'Flutter Tests'!N:N, "Not Executed")+COUNTIFS('Functional Tests'!C:C, A20, 'Functional Tests'!N:N, "Not Executed")+COUNTIFS('Load Tests'!C:C, A20, 'Load Tests'!N:N, "Not Executed")+COUNTIFS('Safe Vulnerability Checks'!C:C, A20, 'Safe Vulnerability Checks'!N:N, "Not Executed")
A21: Signup | B21: =COUNTIF('Selenium Tests'!C:C, A21)+COUNTIF('Appium E2E Tests'!C:C, A21)+COUNTIF('Flutter Tests'!C:C, A21)+COUNTIF('Functional Tests'!C:C, A21)+COUNTIF('Load Tests'!C:C, A21)+COUNTIF('Safe Vulnerability Checks'!C:C, A21) | C21: =COUNTIFS('Selenium Tests'!C:C, A21, 'Selenium Tests'!N:N, "Passed")+COUNTIFS('Appium E2E Tests'!C:C, A21, 'Appium E2E Tests'!N:N, "Passed")+COUNTIFS('Flutter Tests'!C:C, A21, 'Flutter Tests'!N:N, "Passed")+COUNTIFS('Functional Tests'!C:C, A21, 'Functional Tests'!N:N, "Passed")+COUNTIFS('Load Tests'!C:C, A21, 'Load Tests'!N:N, "Passed")+COUNTIFS('Safe Vulnerability Checks'!C:C, A21, 'Safe Vulnerability Checks'!N:N, "Passed") | D21: =COUNTIFS('Selenium Tests'!C:C, A21, 'Selenium Tests'!N:N, "Failed")+COUNTIFS('Appium E2E Tests'!C:C, A21, 'Appium E2E Tests'!N:N, "Failed")+COUNTIFS('Flutter Tests'!C:C, A21, 'Flutter Tests'!N:N, "Failed")+COUNTIFS('Functional Tests'!C:C, A21, 'Functional Tests'!N:N, "Failed")+COUNTIFS('Load Tests'!C:C, A21, 'Load Tests'!N:N, "Failed")+COUNTIFS('Safe Vulnerability Checks'!C:C, A21, 'Safe Vulnerability Checks'!N:N, "Failed") | E21: =COUNTIFS('Selenium Tests'!C:C, A21, 'Selenium Tests'!N:N, "Skipped")+COUNTIFS('Appium E2E Tests'!C:C, A21, 'Appium E2E Tests'!N:N, "Skipped")+COUNTIFS('Flutter Tests'!C:C, A21, 'Flutter Tests'!N:N, "Skipped")+COUNTIFS('Functional Tests'!C:C, A21, 'Functional Tests'!N:N, "Skipped")+COUNTIFS('Load Tests'!C:C, A21, 'Load Tests'!N:N, "Skipped")+COUNTIFS('Safe Vulnerability Checks'!C:C, A21, 'Safe Vulnerability Checks'!N:N, "Skipped") | F21: =COUNTIFS('Selenium Tests'!C:C, A21, 'Selenium Tests'!N:N, "Blocked")+COUNTIFS('Appium E2E Tests'!C:C, A21, 'Appium E2E Tests'!N:N, "Blocked")+COUNTIFS('Flutter Tests'!C:C, A21, 'Flutter Tests'!N:N, "Blocked")+COUNTIFS('Functional Tests'!C:C, A21, 'Functional Tests'!N:N, "Blocked")+COUNTIFS('Load Tests'!C:C, A21, 'Load Tests'!N:N, "Blocked")+COUNTIFS('Safe Vulnerability Checks'!C:C, A21, 'Safe Vulnerability Checks'!N:N, "Blocked") | G21: =COUNTIFS('Selenium Tests'!C:C, A21, 'Selenium Tests'!N:N, "Not Executed")+COUNTIFS('Appium E2E Tests'!C:C, A21, 'Appium E2E Tests'!N:N, "Not Executed")+COUNTIFS('Flutter Tests'!C:C, A21, 'Flutter Tests'!N:N, "Not Executed")+COUNTIFS('Functional Tests'!C:C, A21, 'Functional Tests'!N:N, "Not Executed")+COUNTIFS('Load Tests'!C:C, A21, 'Load Tests'!N:N, "Not Executed")+COUNTIFS('Safe Vulnerability Checks'!C:C, A21, 'Safe Vulnerability Checks'!N:N, "Not Executed")
A22: Forgot Password | B22: =COUNTIF('Selenium Tests'!C:C, A22)+COUNTIF('Appium E2E Tests'!C:C, A22)+COUNTIF('Flutter Tests'!C:C, A22)+COUNTIF('Functional Tests'!C:C, A22)+COUNTIF('Load Tests'!C:C, A22)+COUNTIF('Safe Vulnerability Checks'!C:C, A22) | C22: =COUNTIFS('Selenium Tests'!C:C, A22, 'Selenium Tests'!N:N, "Passed")+COUNTIFS('Appium E2E Tests'!C:C, A22, 'Appium E2E Tests'!N:N, "Passed")+COUNTIFS('Flutter Tests'!C:C, A22, 'Flutter Tests'!N:N, "Passed")+COUNTIFS('Functional Tests'!C:C, A22, 'Functional Tests'!N:N, "Passed")+COUNTIFS('Load Tests'!C:C, A22, 'Load Tests'!N:N, "Passed")+COUNTIFS('Safe Vulnerability Checks'!C:C, A22, 'Safe Vulnerability Checks'!N:N, "Passed") | D22: =COUNTIFS('Selenium Tests'!C:C, A22, 'Selenium Tests'!N:N, "Failed")+COUNTIFS('Appium E2E Tests'!C:C, A22, 'Appium E2E Tests'!N:N, "Failed")+COUNTIFS('Flutter Tests'!C:C, A22, 'Flutter Tests'!N:N, "Failed")+COUNTIFS('Functional Tests'!C:C, A22, 'Functional Tests'!N:N, "Failed")+COUNTIFS('Load Tests'!C:C, A22, 'Load Tests'!N:N, "Failed")+COUNTIFS('Safe Vulnerability Checks'!C:C, A22, 'Safe Vulnerability Checks'!N:N, "Failed") | E22: =COUNTIFS('Selenium Tests'!C:C, A22, 'Selenium Tests'!N:N, "Skipped")+COUNTIFS('Appium E2E Tests'!C:C, A22, 'Appium E2E Tests'!N:N, "Skipped")+COUNTIFS('Flutter Tests'!C:C, A22, 'Flutter Tests'!N:N, "Skipped")+COUNTIFS('Functional Tests'!C:C, A22, 'Functional Tests'!N:N, "Skipped")+COUNTIFS('Load Tests'!C:C, A22, 'Load Tests'!N:N, "Skipped")+COUNTIFS('Safe Vulnerability Checks'!C:C, A22, 'Safe Vulnerability Checks'!N:N, "Skipped") | F22: =COUNTIFS('Selenium Tests'!C:C, A22, 'Selenium Tests'!N:N, "Blocked")+COUNTIFS('Appium E2E Tests'!C:C, A22, 'Appium E2E Tests'!N:N, "Blocked")+COUNTIFS('Flutter Tests'!C:C, A22, 'Flutter Tests'!N:N, "Blocked")+COUNTIFS('Functional Tests'!C:C, A22, 'Functional Tests'!N:N, "Blocked")+COUNTIFS('Load Tests'!C:C, A22, 'Load Tests'!N:N, "Blocked")+COUNTIFS('Safe Vulnerability Checks'!C:C, A22, 'Safe Vulnerability Checks'!N:N, "Blocked") | G22: =COUNTIFS('Selenium Tests'!C:C, A22, 'Selenium Tests'!N:N, "Not Executed")+COUNTIFS('Appium E2E Tests'!C:C, A22, 'Appium E2E Tests'!N:N, "Not Executed")+COUNTIFS('Flutter Tests'!C:C, A22, 'Flutter Tests'!N:N, "Not Executed")+COUNTIFS('Functional Tests'!C:C, A22, 'Functional Tests'!N:N, "Not Executed")+COUNTIFS('Load Tests'!C:C, A22, 'Load Tests'!N:N, "Not Executed")+COUNTIFS('Safe Vulnerability Checks'!C:C, A22, 'Safe Vulnerability Checks'!N:N, "Not Executed")
A23: Email Verification | B23: =COUNTIF('Selenium Tests'!C:C, A23)+COUNTIF('Appium E2E Tests'!C:C, A23)+COUNTIF('Flutter Tests'!C:C, A23)+COUNTIF('Functional Tests'!C:C, A23)+COUNTIF('Load Tests'!C:C, A23)+COUNTIF('Safe Vulnerability Checks'!C:C, A23) | C23: =COUNTIFS('Selenium Tests'!C:C, A23, 'Selenium Tests'!N:N, "Passed")+COUNTIFS('Appium E2E Tests'!C:C, A23, 'Appium E2E Tests'!N:N, "Passed")+COUNTIFS('Flutter Tests'!C:C, A23, 'Flutter Tests'!N:N, "Passed")+COUNTIFS('Functional Tests'!C:C, A23, 'Functional Tests'!N:N, "Passed")+COUNTIFS('Load Tests'!C:C, A23, 'Load Tests'!N:N, "Passed")+COUNTIFS('Safe Vulnerability Checks'!C:C, A23, 'Safe Vulnerability Checks'!N:N, "Passed") | D23: =COUNTIFS('Selenium Tests'!C:C, A23, 'Selenium Tests'!N:N, "Failed")+COUNTIFS('Appium E2E Tests'!C:C, A23, 'Appium E2E Tests'!N:N, "Failed")+COUNTIFS('Flutter Tests'!C:C, A23, 'Flutter Tests'!N:N, "Failed")+COUNTIFS('Functional Tests'!C:C, A23, 'Functional Tests'!N:N, "Failed")+COUNTIFS('Load Tests'!C:C, A23, 'Load Tests'!N:N, "Failed")+COUNTIFS('Safe Vulnerability Checks'!C:C, A23, 'Safe Vulnerability Checks'!N:N, "Failed") | E23: =COUNTIFS('Selenium Tests'!C:C, A23, 'Selenium Tests'!N:N, "Skipped")+COUNTIFS('Appium E2E Tests'!C:C, A23, 'Appium E2E Tests'!N:N, "Skipped")+COUNTIFS('Flutter Tests'!C:C, A23, 'Flutter Tests'!N:N, "Skipped")+COUNTIFS('Functional Tests'!C:C, A23, 'Functional Tests'!N:N, "Skipped")+COUNTIFS('Load Tests'!C:C, A23, 'Load Tests'!N:N, "Skipped")+COUNTIFS('Safe Vulnerability Checks'!C:C, A23, 'Safe Vulnerability Checks'!N:N, "Skipped") | F23: =COUNTIFS('Selenium Tests'!C:C, A23, 'Selenium Tests'!N:N, "Blocked")+COUNTIFS('Appium E2E Tests'!C:C, A23, 'Appium E2E Tests'!N:N, "Blocked")+COUNTIFS('Flutter Tests'!C:C, A23, 'Flutter Tests'!N:N, "Blocked")+COUNTIFS('Functional Tests'!C:C, A23, 'Functional Tests'!N:N, "Blocked")+COUNTIFS('Load Tests'!C:C, A23, 'Load Tests'!N:N, "Blocked")+COUNTIFS('Safe Vulnerability Checks'!C:C, A23, 'Safe Vulnerability Checks'!N:N, "Blocked") | G23: =COUNTIFS('Selenium Tests'!C:C, A23, 'Selenium Tests'!N:N, "Not Executed")+COUNTIFS('Appium E2E Tests'!C:C, A23, 'Appium E2E Tests'!N:N, "Not Executed")+COUNTIFS('Flutter Tests'!C:C, A23, 'Flutter Tests'!N:N, "Not Executed")+COUNTIFS('Functional Tests'!C:C, A23, 'Functional Tests'!N:N, "Not Executed")+COUNTIFS('Load Tests'!C:C, A23, 'Load Tests'!N:N, "Not Executed")+COUNTIFS('Safe Vulnerability Checks'!C:C, A23, 'Safe Vulnerability Checks'!N:N, "Not Executed")
A24: Onboarding | B24: =COUNTIF('Selenium Tests'!C:C, A24)+COUNTIF('Appium E2E Tests'!C:C, A24)+COUNTIF('Flutter Tests'!C:C, A24)+COUNTIF('Functional Tests'!C:C, A24)+COUNTIF('Load Tests'!C:C, A24)+COUNTIF('Safe Vulnerability Checks'!C:C, A24) | C24: =COUNTIFS('Selenium Tests'!C:C, A24, 'Selenium Tests'!N:N, "Passed")+COUNTIFS('Appium E2E Tests'!C:C, A24, 'Appium E2E Tests'!N:N, "Passed")+COUNTIFS('Flutter Tests'!C:C, A24, 'Flutter Tests'!N:N, "Passed")+COUNTIFS('Functional Tests'!C:C, A24, 'Functional Tests'!N:N, "Passed")+COUNTIFS('Load Tests'!C:C, A24, 'Load Tests'!N:N, "Passed")+COUNTIFS('Safe Vulnerability Checks'!C:C, A24, 'Safe Vulnerability Checks'!N:N, "Passed") | D24: =COUNTIFS('Selenium Tests'!C:C, A24, 'Selenium Tests'!N:N, "Failed")+COUNTIFS('Appium E2E Tests'!C:C, A24, 'Appium E2E Tests'!N:N, "Failed")+COUNTIFS('Flutter Tests'!C:C, A24, 'Flutter Tests'!N:N, "Failed")+COUNTIFS('Functional Tests'!C:C, A24, 'Functional Tests'!N:N, "Failed")+COUNTIFS('Load Tests'!C:C, A24, 'Load Tests'!N:N, "Failed")+COUNTIFS('Safe Vulnerability Checks'!C:C, A24, 'Safe Vulnerability Checks'!N:N, "Failed") | E24: =COUNTIFS('Selenium Tests'!C:C, A24, 'Selenium Tests'!N:N, "Skipped")+COUNTIFS('Appium E2E Tests'!C:C, A24, 'Appium E2E Tests'!N:N, "Skipped")+COUNTIFS('Flutter Tests'!C:C, A24, 'Flutter Tests'!N:N, "Skipped")+COUNTIFS('Functional Tests'!C:C, A24, 'Functional Tests'!N:N, "Skipped")+COUNTIFS('Load Tests'!C:C, A24, 'Load Tests'!N:N, "Skipped")+COUNTIFS('Safe Vulnerability Checks'!C:C, A24, 'Safe Vulnerability Checks'!N:N, "Skipped") | F24: =COUNTIFS('Selenium Tests'!C:C, A24, 'Selenium Tests'!N:N, "Blocked")+COUNTIFS('Appium E2E Tests'!C:C, A24, 'Appium E2E Tests'!N:N, "Blocked")+COUNTIFS('Flutter Tests'!C:C, A24, 'Flutter Tests'!N:N, "Blocked")+COUNTIFS('Functional Tests'!C:C, A24, 'Functional Tests'!N:N, "Blocked")+COUNTIFS('Load Tests'!C:C, A24, 'Load Tests'!N:N, "Blocked")+COUNTIFS('Safe Vulnerability Checks'!C:C, A24, 'Safe Vulnerability Checks'!N:N, "Blocked") | G24: =COUNTIFS('Selenium Tests'!C:C, A24, 'Selenium Tests'!N:N, "Not Executed")+COUNTIFS('Appium E2E Tests'!C:C, A24, 'Appium E2E Tests'!N:N, "Not Executed")+COUNTIFS('Flutter Tests'!C:C, A24, 'Flutter Tests'!N:N, "Not Executed")+COUNTIFS('Functional Tests'!C:C, A24, 'Functional Tests'!N:N, "Not Executed")+COUNTIFS('Load Tests'!C:C, A24, 'Load Tests'!N:N, "Not Executed")+COUNTIFS('Safe Vulnerability Checks'!C:C, A24, 'Safe Vulnerability Checks'!N:N, "Not Executed")
A25: Dashboard | B25: =COUNTIF('Selenium Tests'!C:C, A25)+COUNTIF('Appium E2E Tests'!C:C, A25)+COUNTIF('Flutter Tests'!C:C, A25)+COUNTIF('Functional Tests'!C:C, A25)+COUNTIF('Load Tests'!C:C, A25)+COUNTIF('Safe Vulnerability Checks'!C:C, A25) | C25: =COUNTIFS('Selenium Tests'!C:C, A25, 'Selenium Tests'!N:N, "Passed")+COUNTIFS('Appium E2E Tests'!C:C, A25, 'Appium E2E Tests'!N:N, "Passed")+COUNTIFS('Flutter Tests'!C:C, A25, 'Flutter Tests'!N:N, "Passed")+COUNTIFS('Functional Tests'!C:C, A25, 'Functional Tests'!N:N, "Passed")+COUNTIFS('Load Tests'!C:C, A25, 'Load Tests'!N:N, "Passed")+COUNTIFS('Safe Vulnerability Checks'!C:C, A25, 'Safe Vulnerability Checks'!N:N, "Passed") | D25: =COUNTIFS('Selenium Tests'!C:C, A25, 'Selenium Tests'!N:N, "Failed")+COUNTIFS('Appium E2E Tests'!C:C, A25, 'Appium E2E Tests'!N:N, "Failed")+COUNTIFS('Flutter Tests'!C:C, A25, 'Flutter Tests'!N:N, "Failed")+COUNTIFS('Functional Tests'!C:C, A25, 'Functional Tests'!N:N, "Failed")+COUNTIFS('Load Tests'!C:C, A25, 'Load Tests'!N:N, "Failed")+COUNTIFS('Safe Vulnerability Checks'!C:C, A25, 'Safe Vulnerability Checks'!N:N, "Failed") | E25: =COUNTIFS('Selenium Tests'!C:C, A25, 'Selenium Tests'!N:N, "Skipped")+COUNTIFS('Appium E2E Tests'!C:C, A25, 'Appium E2E Tests'!N:N, "Skipped")+COUNTIFS('Flutter Tests'!C:C, A25, 'Flutter Tests'!N:N, "Skipped")+COUNTIFS('Functional Tests'!C:C, A25, 'Functional Tests'!N:N, "Skipped")+COUNTIFS('Load Tests'!C:C, A25, 'Load Tests'!N:N, "Skipped")+COUNTIFS('Safe Vulnerability Checks'!C:C, A25, 'Safe Vulnerability Checks'!N:N, "Skipped") | F25: =COUNTIFS('Selenium Tests'!C:C, A25, 'Selenium Tests'!N:N, "Blocked")+COUNTIFS('Appium E2E Tests'!C:C, A25, 'Appium E2E Tests'!N:N, "Blocked")+COUNTIFS('Flutter Tests'!C:C, A25, 'Flutter Tests'!N:N, "Blocked")+COUNTIFS('Functional Tests'!C:C, A25, 'Functional Tests'!N:N, "Blocked")+COUNTIFS('Load Tests'!C:C, A25, 'Load Tests'!N:N, "Blocked")+COUNTIFS('Safe Vulnerability Checks'!C:C, A25, 'Safe Vulnerability Checks'!N:N, "Blocked") | G25: =COUNTIFS('Selenium Tests'!C:C, A25, 'Selenium Tests'!N:N, "Not Executed")+COUNTIFS('Appium E2E Tests'!C:C, A25, 'Appium E2E Tests'!N:N, "Not Executed")+COUNTIFS('Flutter Tests'!C:C, A25, 'Flutter Tests'!N:N, "Not Executed")+COUNTIFS('Functional Tests'!C:C, A25, 'Functional Tests'!N:N, "Not Executed")+COUNTIFS('Load Tests'!C:C, A25, 'Load Tests'!N:N, "Not Executed")+COUNTIFS('Safe Vulnerability Checks'!C:C, A25, 'Safe Vulnerability Checks'!N:N, "Not Executed")
A26: Profile | B26: =COUNTIF('Selenium Tests'!C:C, A26)+COUNTIF('Appium E2E Tests'!C:C, A26)+COUNTIF('Flutter Tests'!C:C, A26)+COUNTIF('Functional Tests'!C:C, A26)+COUNTIF('Load Tests'!C:C, A26)+COUNTIF('Safe Vulnerability Checks'!C:C, A26) | C26: =COUNTIFS('Selenium Tests'!C:C, A26, 'Selenium Tests'!N:N, "Passed")+COUNTIFS('Appium E2E Tests'!C:C, A26, 'Appium E2E Tests'!N:N, "Passed")+COUNTIFS('Flutter Tests'!C:C, A26, 'Flutter Tests'!N:N, "Passed")+COUNTIFS('Functional Tests'!C:C, A26, 'Functional Tests'!N:N, "Passed")+COUNTIFS('Load Tests'!C:C, A26, 'Load Tests'!N:N, "Passed")+COUNTIFS('Safe Vulnerability Checks'!C:C, A26, 'Safe Vulnerability Checks'!N:N, "Passed") | D26: =COUNTIFS('Selenium Tests'!C:C, A26, 'Selenium Tests'!N:N, "Failed")+COUNTIFS('Appium E2E Tests'!C:C, A26, 'Appium E2E Tests'!N:N, "Failed")+COUNTIFS('Flutter Tests'!C:C, A26, 'Flutter Tests'!N:N, "Failed")+COUNTIFS('Functional Tests'!C:C, A26, 'Functional Tests'!N:N, "Failed")+COUNTIFS('Load Tests'!C:C, A26, 'Load Tests'!N:N, "Failed")+COUNTIFS('Safe Vulnerability Checks'!C:C, A26, 'Safe Vulnerability Checks'!N:N, "Failed") | E26: =COUNTIFS('Selenium Tests'!C:C, A26, 'Selenium Tests'!N:N, "Skipped")+COUNTIFS('Appium E2E Tests'!C:C, A26, 'Appium E2E Tests'!N:N, "Skipped")+COUNTIFS('Flutter Tests'!C:C, A26, 'Flutter Tests'!N:N, "Skipped")+COUNTIFS('Functional Tests'!C:C, A26, 'Functional Tests'!N:N, "Skipped")+COUNTIFS('Load Tests'!C:C, A26, 'Load Tests'!N:N, "Skipped")+COUNTIFS('Safe Vulnerability Checks'!C:C, A26, 'Safe Vulnerability Checks'!N:N, "Skipped") | F26: =COUNTIFS('Selenium Tests'!C:C, A26, 'Selenium Tests'!N:N, "Blocked")+COUNTIFS('Appium E2E Tests'!C:C, A26, 'Appium E2E Tests'!N:N, "Blocked")+COUNTIFS('Flutter Tests'!C:C, A26, 'Flutter Tests'!N:N, "Blocked")+COUNTIFS('Functional Tests'!C:C, A26, 'Functional Tests'!N:N, "Blocked")+COUNTIFS('Load Tests'!C:C, A26, 'Load Tests'!N:N, "Blocked")+COUNTIFS('Safe Vulnerability Checks'!C:C, A26, 'Safe Vulnerability Checks'!N:N, "Blocked") | G26: =COUNTIFS('Selenium Tests'!C:C, A26, 'Selenium Tests'!N:N, "Not Executed")+COUNTIFS('Appium E2E Tests'!C:C, A26, 'Appium E2E Tests'!N:N, "Not Executed")+COUNTIFS('Flutter Tests'!C:C, A26, 'Flutter Tests'!N:N, "Not Executed")+COUNTIFS('Functional Tests'!C:C, A26, 'Functional Tests'!N:N, "Not Executed")+COUNTIFS('Load Tests'!C:C, A26, 'Load Tests'!N:N, "Not Executed")+COUNTIFS('Safe Vulnerability Checks'!C:C, A26, 'Safe Vulnerability Checks'!N:N, "Not Executed")
A27: Language Settings | B27: =COUNTIF('Selenium Tests'!C:C, A27)+COUNTIF('Appium E2E Tests'!C:C, A27)+COUNTIF('Flutter Tests'!C:C, A27)+COUNTIF('Functional Tests'!C:C, A27)+COUNTIF('Load Tests'!C:C, A27)+COUNTIF('Safe Vulnerability Checks'!C:C, A27) | C27: =COUNTIFS('Selenium Tests'!C:C, A27, 'Selenium Tests'!N:N, "Passed")+COUNTIFS('Appium E2E Tests'!C:C, A27, 'Appium E2E Tests'!N:N, "Passed")+COUNTIFS('Flutter Tests'!C:C, A27, 'Flutter Tests'!N:N, "Passed")+COUNTIFS('Functional Tests'!C:C, A27, 'Functional Tests'!N:N, "Passed")+COUNTIFS('Load Tests'!C:C, A27, 'Load Tests'!N:N, "Passed")+COUNTIFS('Safe Vulnerability Checks'!C:C, A27, 'Safe Vulnerability Checks'!N:N, "Passed") | D27: =COUNTIFS('Selenium Tests'!C:C, A27, 'Selenium Tests'!N:N, "Failed")+COUNTIFS('Appium E2E Tests'!C:C, A27, 'Appium E2E Tests'!N:N, "Failed")+COUNTIFS('Flutter Tests'!C:C, A27, 'Flutter Tests'!N:N, "Failed")+COUNTIFS('Functional Tests'!C:C, A27, 'Functional Tests'!N:N, "Failed")+COUNTIFS('Load Tests'!C:C, A27, 'Load Tests'!N:N, "Failed")+COUNTIFS('Safe Vulnerability Checks'!C:C, A27, 'Safe Vulnerability Checks'!N:N, "Failed") | E27: =COUNTIFS('Selenium Tests'!C:C, A27, 'Selenium Tests'!N:N, "Skipped")+COUNTIFS('Appium E2E Tests'!C:C, A27, 'Appium E2E Tests'!N:N, "Skipped")+COUNTIFS('Flutter Tests'!C:C, A27, 'Flutter Tests'!N:N, "Skipped")+COUNTIFS('Functional Tests'!C:C, A27, 'Functional Tests'!N:N, "Skipped")+COUNTIFS('Load Tests'!C:C, A27, 'Load Tests'!N:N, "Skipped")+COUNTIFS('Safe Vulnerability Checks'!C:C, A27, 'Safe Vulnerability Checks'!N:N, "Skipped") | F27: =COUNTIFS('Selenium Tests'!C:C, A27, 'Selenium Tests'!N:N, "Blocked")+COUNTIFS('Appium E2E Tests'!C:C, A27, 'Appium E2E Tests'!N:N, "Blocked")+COUNTIFS('Flutter Tests'!C:C, A27, 'Flutter Tests'!N:N, "Blocked")+COUNTIFS('Functional Tests'!C:C, A27, 'Functional Tests'!N:N, "Blocked")+COUNTIFS('Load Tests'!C:C, A27, 'Load Tests'!N:N, "Blocked")+COUNTIFS('Safe Vulnerability Checks'!C:C, A27, 'Safe Vulnerability Checks'!N:N, "Blocked") | G27: =COUNTIFS('Selenium Tests'!C:C, A27, 'Selenium Tests'!N:N, "Not Executed")+COUNTIFS('Appium E2E Tests'!C:C, A27, 'Appium E2E Tests'!N:N, "Not Executed")+COUNTIFS('Flutter Tests'!C:C, A27, 'Flutter Tests'!N:N, "Not Executed")+COUNTIFS('Functional Tests'!C:C, A27, 'Functional Tests'!N:N, "Not Executed")+COUNTIFS('Load Tests'!C:C, A27, 'Load Tests'!N:N, "Not Executed")+COUNTIFS('Safe Vulnerability Checks'!C:C, A27, 'Safe Vulnerability Checks'!N:N, "Not Executed")
A28: AI Trainer | B28: =COUNTIF('Selenium Tests'!C:C, A28)+COUNTIF('Appium E2E Tests'!C:C, A28)+COUNTIF('Flutter Tests'!C:C, A28)+COUNTIF('Functional Tests'!C:C, A28)+COUNTIF('Load Tests'!C:C, A28)+COUNTIF('Safe Vulnerability Checks'!C:C, A28) | C28: =COUNTIFS('Selenium Tests'!C:C, A28, 'Selenium Tests'!N:N, "Passed")+COUNTIFS('Appium E2E Tests'!C:C, A28, 'Appium E2E Tests'!N:N, "Passed")+COUNTIFS('Flutter Tests'!C:C, A28, 'Flutter Tests'!N:N, "Passed")+COUNTIFS('Functional Tests'!C:C, A28, 'Functional Tests'!N:N, "Passed")+COUNTIFS('Load Tests'!C:C, A28, 'Load Tests'!N:N, "Passed")+COUNTIFS('Safe Vulnerability Checks'!C:C, A28, 'Safe Vulnerability Checks'!N:N, "Passed") | D28: =COUNTIFS('Selenium Tests'!C:C, A28, 'Selenium Tests'!N:N, "Failed")+COUNTIFS('Appium E2E Tests'!C:C, A28, 'Appium E2E Tests'!N:N, "Failed")+COUNTIFS('Flutter Tests'!C:C, A28, 'Flutter Tests'!N:N, "Failed")+COUNTIFS('Functional Tests'!C:C, A28, 'Functional Tests'!N:N, "Failed")+COUNTIFS('Load Tests'!C:C, A28, 'Load Tests'!N:N, "Failed")+COUNTIFS('Safe Vulnerability Checks'!C:C, A28, 'Safe Vulnerability Checks'!N:N, "Failed") | E28: =COUNTIFS('Selenium Tests'!C:C, A28, 'Selenium Tests'!N:N, "Skipped")+COUNTIFS('Appium E2E Tests'!C:C, A28, 'Appium E2E Tests'!N:N, "Skipped")+COUNTIFS('Flutter Tests'!C:C, A28, 'Flutter Tests'!N:N, "Skipped")+COUNTIFS('Functional Tests'!C:C, A28, 'Functional Tests'!N:N, "Skipped")+COUNTIFS('Load Tests'!C:C, A28, 'Load Tests'!N:N, "Skipped")+COUNTIFS('Safe Vulnerability Checks'!C:C, A28, 'Safe Vulnerability Checks'!N:N, "Skipped") | F28: =COUNTIFS('Selenium Tests'!C:C, A28, 'Selenium Tests'!N:N, "Blocked")+COUNTIFS('Appium E2E Tests'!C:C, A28, 'Appium E2E Tests'!N:N, "Blocked")+COUNTIFS('Flutter Tests'!C:C, A28, 'Flutter Tests'!N:N, "Blocked")+COUNTIFS('Functional Tests'!C:C, A28, 'Functional Tests'!N:N, "Blocked")+COUNTIFS('Load Tests'!C:C, A28, 'Load Tests'!N:N, "Blocked")+COUNTIFS('Safe Vulnerability Checks'!C:C, A28, 'Safe Vulnerability Checks'!N:N, "Blocked") | G28: =COUNTIFS('Selenium Tests'!C:C, A28, 'Selenium Tests'!N:N, "Not Executed")+COUNTIFS('Appium E2E Tests'!C:C, A28, 'Appium E2E Tests'!N:N, "Not Executed")+COUNTIFS('Flutter Tests'!C:C, A28, 'Flutter Tests'!N:N, "Not Executed")+COUNTIFS('Functional Tests'!C:C, A28, 'Functional Tests'!N:N, "Not Executed")+COUNTIFS('Load Tests'!C:C, A28, 'Load Tests'!N:N, "Not Executed")+COUNTIFS('Safe Vulnerability Checks'!C:C, A28, 'Safe Vulnerability Checks'!N:N, "Not Executed")
A29: Workout Plan | B29: =COUNTIF('Selenium Tests'!C:C, A29)+COUNTIF('Appium E2E Tests'!C:C, A29)+COUNTIF('Flutter Tests'!C:C, A29)+COUNTIF('Functional Tests'!C:C, A29)+COUNTIF('Load Tests'!C:C, A29)+COUNTIF('Safe Vulnerability Checks'!C:C, A29) | C29: =COUNTIFS('Selenium Tests'!C:C, A29, 'Selenium Tests'!N:N, "Passed")+COUNTIFS('Appium E2E Tests'!C:C, A29, 'Appium E2E Tests'!N:N, "Passed")+COUNTIFS('Flutter Tests'!C:C, A29, 'Flutter Tests'!N:N, "Passed")+COUNTIFS('Functional Tests'!C:C, A29, 'Functional Tests'!N:N, "Passed")+COUNTIFS('Load Tests'!C:C, A29, 'Load Tests'!N:N, "Passed")+COUNTIFS('Safe Vulnerability Checks'!C:C, A29, 'Safe Vulnerability Checks'!N:N, "Passed") | D29: =COUNTIFS('Selenium Tests'!C:C, A29, 'Selenium Tests'!N:N, "Failed")+COUNTIFS('Appium E2E Tests'!C:C, A29, 'Appium E2E Tests'!N:N, "Failed")+COUNTIFS('Flutter Tests'!C:C, A29, 'Flutter Tests'!N:N, "Failed")+COUNTIFS('Functional Tests'!C:C, A29, 'Functional Tests'!N:N, "Failed")+COUNTIFS('Load Tests'!C:C, A29, 'Load Tests'!N:N, "Failed")+COUNTIFS('Safe Vulnerability Checks'!C:C, A29, 'Safe Vulnerability Checks'!N:N, "Failed") | E29: =COUNTIFS('Selenium Tests'!C:C, A29, 'Selenium Tests'!N:N, "Skipped")+COUNTIFS('Appium E2E Tests'!C:C, A29, 'Appium E2E Tests'!N:N, "Skipped")+COUNTIFS('Flutter Tests'!C:C, A29, 'Flutter Tests'!N:N, "Skipped")+COUNTIFS('Functional Tests'!C:C, A29, 'Functional Tests'!N:N, "Skipped")+COUNTIFS('Load Tests'!C:C, A29, 'Load Tests'!N:N, "Skipped")+COUNTIFS('Safe Vulnerability Checks'!C:C, A29, 'Safe Vulnerability Checks'!N:N, "Skipped") | F29: =COUNTIFS('Selenium Tests'!C:C, A29, 'Selenium Tests'!N:N, "Blocked")+COUNTIFS('Appium E2E Tests'!C:C, A29, 'Appium E2E Tests'!N:N, "Blocked")+COUNTIFS('Flutter Tests'!C:C, A29, 'Flutter Tests'!N:N, "Blocked")+COUNTIFS('Functional Tests'!C:C, A29, 'Functional Tests'!N:N, "Blocked")+COUNTIFS('Load Tests'!C:C, A29, 'Load Tests'!N:N, "Blocked")+COUNTIFS('Safe Vulnerability Checks'!C:C, A29, 'Safe Vulnerability Checks'!N:N, "Blocked") | G29: =COUNTIFS('Selenium Tests'!C:C, A29, 'Selenium Tests'!N:N, "Not Executed")+COUNTIFS('Appium E2E Tests'!C:C, A29, 'Appium E2E Tests'!N:N, "Not Executed")+COUNTIFS('Flutter Tests'!C:C, A29, 'Flutter Tests'!N:N, "Not Executed")+COUNTIFS('Functional Tests'!C:C, A29, 'Functional Tests'!N:N, "Not Executed")+COUNTIFS('Load Tests'!C:C, A29, 'Load Tests'!N:N, "Not Executed")+COUNTIFS('Safe Vulnerability Checks'!C:C, A29, 'Safe Vulnerability Checks'!N:N, "Not Executed")
A30: Diet Plan | B30: =COUNTIF('Selenium Tests'!C:C, A30)+COUNTIF('Appium E2E Tests'!C:C, A30)+COUNTIF('Flutter Tests'!C:C, A30)+COUNTIF('Functional Tests'!C:C, A30)+COUNTIF('Load Tests'!C:C, A30)+COUNTIF('Safe Vulnerability Checks'!C:C, A30) | C30: =COUNTIFS('Selenium Tests'!C:C, A30, 'Selenium Tests'!N:N, "Passed")+COUNTIFS('Appium E2E Tests'!C:C, A30, 'Appium E2E Tests'!N:N, "Passed")+COUNTIFS('Flutter Tests'!C:C, A30, 'Flutter Tests'!N:N, "Passed")+COUNTIFS('Functional Tests'!C:C, A30, 'Functional Tests'!N:N, "Passed")+COUNTIFS('Load Tests'!C:C, A30, 'Load Tests'!N:N, "Passed")+COUNTIFS('Safe Vulnerability Checks'!C:C, A30, 'Safe Vulnerability Checks'!N:N, "Passed") | D30: =COUNTIFS('Selenium Tests'!C:C, A30, 'Selenium Tests'!N:N, "Failed")+COUNTIFS('Appium E2E Tests'!C:C, A30, 'Appium E2E Tests'!N:N, "Failed")+COUNTIFS('Flutter Tests'!C:C, A30, 'Flutter Tests'!N:N, "Failed")+COUNTIFS('Functional Tests'!C:C, A30, 'Functional Tests'!N:N, "Failed")+COUNTIFS('Load Tests'!C:C, A30, 'Load Tests'!N:N, "Failed")+COUNTIFS('Safe Vulnerability Checks'!C:C, A30, 'Safe Vulnerability Checks'!N:N, "Failed") | E30: =COUNTIFS('Selenium Tests'!C:C, A30, 'Selenium Tests'!N:N, "Skipped")+COUNTIFS('Appium E2E Tests'!C:C, A30, 'Appium E2E Tests'!N:N, "Skipped")+COUNTIFS('Flutter Tests'!C:C, A30, 'Flutter Tests'!N:N, "Skipped")+COUNTIFS('Functional Tests'!C:C, A30, 'Functional Tests'!N:N, "Skipped")+COUNTIFS('Load Tests'!C:C, A30, 'Load Tests'!N:N, "Skipped")+COUNTIFS('Safe Vulnerability Checks'!C:C, A30, 'Safe Vulnerability Checks'!N:N, "Skipped") | F30: =COUNTIFS('Selenium Tests'!C:C, A30, 'Selenium Tests'!N:N, "Blocked")+COUNTIFS('Appium E2E Tests'!C:C, A30, 'Appium E2E Tests'!N:N, "Blocked")+COUNTIFS('Flutter Tests'!C:C, A30, 'Flutter Tests'!N:N, "Blocked")+COUNTIFS('Functional Tests'!C:C, A30, 'Functional Tests'!N:N, "Blocked")+COUNTIFS('Load Tests'!C:C, A30, 'Load Tests'!N:N, "Blocked")+COUNTIFS('Safe Vulnerability Checks'!C:C, A30, 'Safe Vulnerability Checks'!N:N, "Blocked") | G30: =COUNTIFS('Selenium Tests'!C:C, A30, 'Selenium Tests'!N:N, "Not Executed")+COUNTIFS('Appium E2E Tests'!C:C, A30, 'Appium E2E Tests'!N:N, "Not Executed")+COUNTIFS('Flutter Tests'!C:C, A30, 'Flutter Tests'!N:N, "Not Executed")+COUNTIFS('Functional Tests'!C:C, A30, 'Functional Tests'!N:N, "Not Executed")+COUNTIFS('Load Tests'!C:C, A30, 'Load Tests'!N:N, "Not Executed")+COUNTIFS('Safe Vulnerability Checks'!C:C, A30, 'Safe Vulnerability Checks'!N:N, "Not Executed")
... A55: Logout | B55: =COUNTIF('Selenium Tests'!C:C, A55)+COUNTIF('Appium E2E Tests'!C:C, A55)+COUNTIF('Flutter Tests'!C:C, A55)+COUNTIF('Functional Tests'!C:C, A55)+COUNTIF('Load Tests'!C:C, A55)+COUNTIF('Safe Vulnerability Checks'!C:C, A55) | C55: =COUNTIFS('Selenium Tests'!C:C, A55, 'Selenium Tests'!N:N, "Passed")+COUNTIFS('Appium E2E Tests'!C:C, A55, 'Appium E2E Tests'!N:N, "Passed")+COUNTIFS('Flutter Tests'!C:C, A55, 'Flutter Tests'!N:N, "Passed")+COUNTIFS('Functional Tests'!C:C, A55, 'Functional Tests'!N:N, "Passed")+COUNTIFS('Load Tests'!C:C, A55, 'Load Tests'!N:N, "Passed")+COUNTIFS('Safe Vulnerability Checks'!C:C, A55, 'Safe Vulnerability Checks'!N:N, "Passed") | D55: =COUNTIFS('Selenium Tests'!C:C, A55, 'Selenium Tests'!N:N, "Failed")+COUNTIFS('Appium E2E Tests'!C:C, A55, 'Appium E2E Tests'!N:N, "Failed")+COUNTIFS('Flutter Tests'!C:C, A55, 'Flutter Tests'!N:N, "Failed")+COUNTIFS('Functional Tests'!C:C, A55, 'Functional Tests'!N:N, "Failed")+COUNTIFS('Load Tests'!C:C, A55, 'Load Tests'!N:N, "Failed")+COUNTIFS('Safe Vulnerability Checks'!C:C, A55, 'Safe Vulnerability Checks'!N:N, "Failed") | E55: =COUNTIFS('Selenium Tests'!C:C, A55, 'Selenium Tests'!N:N, "Skipped")+COUNTIFS('Appium E2E Tests'!C:C, A55, 'Appium E2E Tests'!N:N, "Skipped")+COUNTIFS('Flutter Tests'!C:C, A55, 'Flutter Tests'!N:N, "Skipped")+COUNTIFS('Functional Tests'!C:C, A55, 'Functional Tests'!N:N, "Skipped")+COUNTIFS('Load Tests'!C:C, A55, 'Load Tests'!N:N, "Skipped")+COUNTIFS('Safe Vulnerability Checks'!C:C, A55, 'Safe Vulnerability Checks'!N:N, "Skipped") | F55: =COUNTIFS('Selenium Tests'!C:C, A55, 'Selenium Tests'!N:N, "Blocked")+COUNTIFS('Appium E2E Tests'!C:C, A55, 'Appium E2E Tests'!N:N, "Blocked")+COUNTIFS('Flutter Tests'!C:C, A55, 'Flutter Tests'!N:N, "Blocked")+COUNTIFS('Functional Tests'!C:C, A55, 'Functional Tests'!N:N, "Blocked")+COUNTIFS('Load Tests'!C:C, A55, 'Load Tests'!N:N, "Blocked")+COUNTIFS('Safe Vulnerability Checks'!C:C, A55, 'Safe Vulnerability Checks'!N:N, "Blocked") | G55: =COUNTIFS('Selenium Tests'!C:C, A55, 'Selenium Tests'!N:N, "Not Executed")+COUNTIFS('Appium E2E Tests'!C:C, A55, 'Appium E2E Tests'!N:N, "Not Executed")+COUNTIFS('Flutter Tests'!C:C, A55, 'Flutter Tests'!N:N, "Not Executed")+COUNTIFS('Functional Tests'!C:C, A55, 'Functional Tests'!N:N, "Not Executed")+COUNTIFS('Load Tests'!C:C, A55, 'Load Tests'!N:N, "Not Executed")+COUNTIFS('Safe Vulnerability Checks'!C:C, A55, 'Safe Vulnerability Checks'!N:N, "Not Executed")
A56: Total All Modules | B56: =SUM(B19:B55) | C56: =SUM(C19:C55) | D56: =SUM(D19:D55) | E56: =SUM(E19:E55) | F56: =SUM(F19:F55) | G56: =SUM(G19:G55)

Sheet Selenium Tests
A1: Test Case ID | B1: Testing Type | C1: Module | D1: Test Scenario | E1: Test Case Title | F1: Objective | G1: Preconditions | H1: Test Steps | I1: Test Data | J1: Expected Result | K1: Actual Result | L1: Priority | M1: Severity | N1: Status | O1: Evidence Path | P1: Remarks
A2: SEL-WEB-001 | B2: Selenium Web UI Testing | C2: Splash | D2: Verify page load responsiveness across desktop break points in Splash module | E2: Web UI - Splash - Verify page load responsiveness across desktop break points (#1) | F2: Ensure Splash web UI component operates seamlessly under Chrome/Firefox/Edge Selenium driver. | G2: Browser session active, navigated to NutriFit Web app Splash route. | H2: 1. Open NutriFit Web app on Chrome/Edge. 2. Navigate to Splash screen. 3. Launch web browser at 1920x1080 resolution, navigate to portal, verify layout grid and header alignment. 4. Capture DOM state and screenshot. | I2: Module: Splash, Viewport: 1920x1080, Data: Standard viewport 1920x1080 | J2: Layout scales seamlessly without horizontal overflow or overlapping text elements. on Splash module. | K2: Pending Execution | L2: Medium | M2: Moderate | N2: Not Executed | O2: evidence/sel-web-001_screenshot.png | P2: Automated baseline generation
A3: SEL-WEB-002 | B3: Selenium Web UI Testing | C3: Login | D3: Verify form input validations and error hints in Login module | E3: Web UI - Login - Verify form input validations and error hints (#2) | F3: Ensure Login web UI component operates seamlessly under Chrome/Firefox/Edge Selenium driver. | G3: Browser session active, navigated to NutriFit Web app Login route. | H3: 1. Open NutriFit Web app on Chrome/Edge. 2. Navigate to Login screen. 3. Focus input field, enter invalid format data, trigger blur event, inspect validation error badge. 4. Capture DOM state and screenshot. | I3: Module: Login, Viewport: 1920x1080, Data: Invalid test string / out-of-bounds input | J3: Clear validation message displayed immediately under field. on Login module. | K3: Pending Execution | L3: Medium | M3: Major | N3: Not Executed | O3: evidence/sel-web-002_screenshot.png | P3: Automated baseline generation
A4: SEL-WEB-003 | B4: Selenium Web UI Testing | C4: Signup | D4: Verify interactive button states and hover effects in Signup module | E4: Web UI - Signup - Verify interactive button states and hover effects (#3) | F4: Ensure Signup web UI component operates seamlessly under Chrome/Firefox/Edge Selenium driver. | G4: Browser session active, navigated to NutriFit Web app Signup route. | H4: 1. Open NutriFit Web app on Chrome/Edge. 2. Navigate to Signup screen. 3. Hover mouse over primary action button, verify CSS transition, click button. 4. Capture DOM state and screenshot. | I4: Module: Signup, Viewport: 1920x1080, Data: Primary CTA button selector | J4: Button transforms smoothly on hover and handles click event correctly. on Signup module. | K4: Pending Execution | L4: High | M4: Moderate | N4: Not Executed | O4: evidence/sel-web-003_screenshot.png | P4: Automated baseline generation
A5: SEL-WEB-004 | B5: Selenium Web UI Testing | C5: Forgot Password | D5: Verify modal dialog overlay behavior in Forgot Password module | E5: Web UI - Forgot Password - Verify modal dialog overlay behavior (#4) | F5: Ensure Forgot Password web UI component operates seamlessly under Chrome/Firefox/Edge Selenium driver. | G5: Browser session active, navigated to NutriFit Web app Forgot Password route. | H5: 1. Open NutriFit Web app on Chrome/Edge. 2. Navigate to Forgot Password screen. 3. Trigger action opening dynamic modal, verify backdrop blur, click close icon. 4. Capture DOM state and screenshot. | I5: Module: Forgot Password, Viewport: 1920x1080, Data: Modal trigger event | J5: Modal opens centered with focus trap; closes cleanly on overlay/icon click. on Forgot Password module. | K5: Pending Execution | L5: Medium | M5: Major | N5: Not Executed | O5: evidence/sel-web-004_screenshot.png | P5: Automated baseline generation
A6: SEL-WEB-005 | B6: Selenium Web UI Testing | C6: Email Verification | D6: Verify table sorting and pagination controls in Email Verification module | E6: Web UI - Email Verification - Verify table sorting and pagination controls (#5) | F6: Ensure Email Verification web UI component operates seamlessly under Chrome/Firefox/Edge Selenium driver. | G6: Browser session active, navigated to NutriFit Web app Email Verification route. | H6: 1. Open NutriFit Web app on Chrome/Edge. 2. Navigate to Email Verification screen. 3. Navigate to list view, click table column header for sorting, click next page button. 4. Capture DOM state and screenshot. | I6: Module: Email Verification, Viewport: 1920x1080, Data: Page size = 10 | J6: Table updates sorted order instantly; page 2 records load cleanly. on Email Verification module. | K6: Pending Execution | L6: Low | M6: Moderate | N6: Not Executed | O6: evidence/sel-web-005_screenshot.png | P6: Automated baseline generation
A7: SEL-WEB-006 | B7: Selenium Web UI Testing | C7: Onboarding | D7: Verify theme switching (Dark/Light mode) on Web in Onboarding module | E7: Web UI - Onboarding - Verify theme switching (Dark/Light mode) on Web (#6) | F7: Ensure Onboarding web UI component operates seamlessly under Chrome/Firefox/Edge Selenium driver. | G7: Browser session active, navigated to NutriFit Web app Onboarding route. | H7: 1. Open NutriFit Web app on Chrome/Edge. 2. Navigate to Onboarding screen. 3. Click theme toggle switch in global header navbar. 4. Capture DOM state and screenshot. | I7: Module: Onboarding, Viewport: 1920x1080, Data: Theme toggle selector | J7: UI colors switch smoothly across all visible DOM containers. on Onboarding module. | K7: Pending Execution | L7: High | M7: Major | N7: Not Executed | O7: evidence/sel-web-006_screenshot.png | P7: Automated baseline generation
A8: SEL-WEB-007 | B8: Selenium Web UI Testing | C8: Dashboard | D8: Verify navigation drawer opening and item selection in Dashboard module | E8: Web UI - Dashboard - Verify navigation drawer opening and item selection (#7) | F8: Ensure Dashboard web UI component operates seamlessly under Chrome/Firefox/Edge Selenium driver. | G8: Browser session active, navigated to NutriFit Web app Dashboard route. | H8: 1. Open NutriFit Web app on Chrome/Edge. 2. Navigate to Dashboard screen. 3. Click hamburger menu icon, select target sidebar menu item. 4. Capture DOM state and screenshot. | I8: Module: Dashboard, Viewport: 1920x1080, Data: Sidebar nav items | J8: Drawer slides out smoothly and routes user to target page. on Dashboard module. | K8: Pending Execution | L8: Medium | M8: Critical | N8: Not Executed | O8: evidence/sel-web-007_screenshot.png | P8: Automated baseline generation
A9: SEL-WEB-008 | B9: Selenium Web UI Testing | C9: Profile | D9: Verify image lazy loading and fallback rendering in Profile module | E9: Web UI - Profile - Verify image lazy loading and fallback rendering (#8) | F9: Ensure Profile web UI component operates seamlessly under Chrome/Firefox/Edge Selenium driver. | G9: Browser session active, navigated to NutriFit Web app Profile route. | H9: 1. Open NutriFit Web app on Chrome/Edge. 2. Navigate to Profile screen. 3. Scroll down page rapidly to trigger image viewports. 4. Capture DOM state and screenshot. | I9: Module: Profile, Viewport: 1920x1080, Data: High-res recipe / product images | J9: Images display lazy loading placeholders before rendering final image asset cleanly. on Profile module. | K9: Pending Execution | L9: Medium | M9: Major | N9: Not Executed | O9: evidence/sel-web-008_screenshot.png | P9: Automated baseline generation
A10: SEL-WEB-009 | B10: Selenium Web UI Testing | C10: Language Settings | D10: Verify browser back and forward navigation history in Language Settings module | E10: Web UI - Language Settings - Verify browser back and forward navigation history (#9) | F10: Ensure Language Settings web UI component operates seamlessly under Chrome/Firefox/Edge Selenium driver. | G10: Browser session active, navigated to NutriFit Web app Language Settings route. | H10: 1. Open NutriFit Web app on Chrome/Edge. 2. Navigate to Language Settings screen. 3. Navigate from Dashboard -> Shop -> Product Details, click browser Back, then Forward. 4. Capture DOM state and screenshot. | I10: Module: Language Settings, Viewport: 1920x1080, Data: Browser history stack | J10: URL state and page DOM sync perfectly with browser history state. on Language Settings module. | K10: Pending Execution | L10: High | M10: Moderate | N10: Not Executed | O10: evidence/sel-web-009_screenshot.png | P10: Automated baseline generation
A11: SEL-WEB-010 | B11: Selenium Web UI Testing | C11: AI Trainer | D11: Verify accessibility aria-labels and keyboard tab traversal in AI Trainer module | E11: Web UI - AI Trainer - Verify accessibility aria-labels and keyboard tab traversal (#10) | F11: Ensure AI Trainer web UI component operates seamlessly under Chrome/Firefox/Edge Selenium driver. | G11: Browser session active, navigated to NutriFit Web app AI Trainer route. | H11: 1. Open NutriFit Web app on Chrome/Edge. 2. Navigate to AI Trainer screen. 3. Press TAB key repeatedly from top of web page to traverse focusable elements. 4. Capture DOM state and screenshot. | I11: Module: AI Trainer, Viewport: 1920x1080, Data: Keyboard navigation | J11: Focus outline highlights each interactive element in logical DOM sequence. on AI Trainer module. | K11: Pending Execution | L11: Low | M11: Major | N11: Not Executed | O11: evidence/sel-web-010_screenshot.png | P11: Automated baseline generation
A12: SEL-WEB-011 | B12: Selenium Web UI Testing | C12: Workout Plan | D12: Verify page load responsiveness across desktop break points in Workout Plan module | E12: Web UI - Workout Plan - Verify page load responsiveness across desktop break points (#11) | F12: Ensure Workout Plan web UI component operates seamlessly under Chrome/Firefox/Edge Selenium driver. | G12: Browser session active, navigated to NutriFit Web app Workout Plan route. | H12: 1. Open NutriFit Web app on Chrome/Edge. 2. Navigate to Workout Plan screen. 3. Launch web browser at 1920x1080 resolution, navigate to portal, verify layout grid and header alignment. 4. Capture DOM state and screenshot. | I12: Module: Workout Plan, Viewport: 1920x1080, Data: Standard viewport 1920x1080 | J12: Layout scales seamlessly without horizontal overflow or overlapping text elements. on Workout Plan module. | K12: Pending Execution | L12: Medium | M12: Moderate | N12: Not Executed | O12: evidence/sel-web-011_screenshot.png | P12: Automated baseline generation
... A101: SEL-WEB-100 | B101: Selenium Web UI Testing | C101: Checkout | D101: Verify accessibility aria-labels and keyboard tab traversal in Checkout module | E101: Web UI - Checkout - Verify accessibility aria-labels and keyboard tab traversal (#100) | F101: Ensure Checkout web UI component operates seamlessly under Chrome/Firefox/Edge Selenium driver. | G101: Browser session active, navigated to NutriFit Web app Checkout route. | H101: 1. Open NutriFit Web app on Chrome/Edge. 2. Navigate to Checkout screen. 3. Press TAB key repeatedly from top of web page to traverse focusable elements. 4. Capture DOM state and screenshot. | I101: Module: Checkout, Viewport: 1920x1080, Data: Keyboard navigation | J101: Focus outline highlights each interactive element in logical DOM sequence. on Checkout module. | K101: Pending Execution | L101: Low | M101: Major | N101: Not Executed | O101: evidence/sel-web-100_screenshot.png | P101: Automated baseline generation

Sheet Appium E2E Tests
A1: Test Case ID | B1: Testing Type | C1: Module | D1: Test Scenario | E1: Test Case Title | F1: Objective | G1: Preconditions | H1: Test Steps | I1: Test Data | J1: Expected Result | K1: Actual Result | L1: Priority | M1: Severity | N1: Status | O1: Evidence Path | P1: Remarks
A2: APP-AND-001 | B2: Appium Android E2E Testing | C2: Splash | D2: Verify native touch swipe and scroll gestures for Android Splash | E2: Android E2E - Splash - Verify native touch swipe and scroll gestures (#1) | F2: Verify native Android application behavior for Splash using Appium automation. | G2: NutriFit APK installed on Android Emulator/Device (API level 33+), Appium session running. | H2: 1. Launch Appium driver session. 2. Open Splash view via native element selector. 3. Perform vertical swipe gesture on scrollable listview container. 4. Verify UI state. | I2: Device: Pixel 7 Pro (API 34), Package: com.nutrifit.app, Module: Splash | J2: Container scrolls smoothly without frame drops or touch drag locking. for Splash screen on Android. | K2: Pending Execution | L2: Medium | M2: Moderate | N2: Not Executed | O2: evidence/app-and-001_screenshot.png | P2: Automated baseline generation
A3: APP-AND-002 | B3: Appium Android E2E Testing | C3: Login | D3: Verify hardware back button behavior for Android Login | E3: Android E2E - Login - Verify hardware back button behavior (#2) | F3: Verify native Android application behavior for Login using Appium automation. | G3: NutriFit APK installed on Android Emulator/Device (API level 33+), Appium session running. | H3: 1. Launch Appium driver session. 2. Open Login view via native element selector. 3. Navigate deep into feature stack, press hardware back button. 4. Verify UI state. | I3: Device: Pixel 7 Pro (API 34), Package: com.nutrifit.app, Module: Login | J3: App returns to previous screen cleanly without exiting app unexpectedly. for Login screen on Android. | K3: Pending Execution | L3: High | M3: Moderate | N3: Not Executed | O3: evidence/app-and-002_screenshot.png | P3: Automated baseline generation
A4: APP-AND-003 | B4: Appium Android E2E Testing | C4: Signup | D4: Verify device orientation toggle (Portrait to Landscape) for Android Signup | E4: Android E2E - Signup - Verify device orientation toggle (Portrait to Landscape) (#3) | F4: Verify native Android application behavior for Signup using Appium automation. | G4: NutriFit APK installed on Android Emulator/Device (API level 33+), Appium session running. | H4: 1. Launch Appium driver session. 2. Open Signup view via native element selector. 3. Trigger device rotation to landscape, verify view adaptation. 4. Verify UI state. | I4: Device: Pixel 7 Pro (API 34), Package: com.nutrifit.app, Module: Signup | J4: UI resizes responsively in landscape without clipping key buttons. for Signup screen on Android. | K4: Pending Execution | L4: Medium | M4: Major | N4: Not Executed | O4: evidence/app-and-003_screenshot.png | P4: Automated baseline generation
A5: APP-AND-004 | B5: Appium Android E2E Testing | C5: Forgot Password | D5: Verify system notification banner pop-up and tap action for Android Forgot Password | E5: Android E2E - Forgot Password - Verify system notification banner pop-up and tap action (#4) | F5: Verify native Android application behavior for Forgot Password using Appium automation. | G5: NutriFit APK installed on Android Emulator/Device (API level 33+), Appium session running. | H5: 1. Launch Appium driver session. 2. Open Forgot Password view via native element selector. 3. Trigger local push alert, pull down Android notification shade, tap notification. 4. Verify UI state. | I5: Device: Pixel 7 Pro (API 34), Package: com.nutrifit.app, Module: Forgot Password | J5: App opens target screen specified in notification payload. for Forgot Password screen on Android. | K5: Pending Execution | L5: High | M5: Moderate | N5: Not Executed | O5: evidence/app-and-004_screenshot.png | P5: Automated baseline generation
A6: APP-AND-005 | B6: Appium Android E2E Testing | C6: Email Verification | D6: Verify biometric authentication prompt (Fingerprint/Face) for Android Email Verification | E6: Android E2E - Email Verification - Verify biometric authentication prompt (Fingerprint/Face) (#5) | F6: Verify native Android application behavior for Email Verification using Appium automation. | G6: NutriFit APK installed on Android Emulator/Device (API level 33+), Appium session running. | H6: 1. Launch Appium driver session. 2. Open Email Verification view via native element selector. 3. Trigger sensitive action requiring biometric authentication. 4. Verify UI state. | I6: Device: Pixel 7 Pro (API 34), Package: com.nutrifit.app, Module: Email Verification | J6: Native Android BiometricPrompt appears; success unlocks target view. for Email Verification screen on Android. | K6: Pending Execution | L6: Medium | M6: Moderate | N6: Not Executed | O6: evidence/app-and-005_screenshot.png | P6: Automated baseline generation
A7: APP-AND-006 | B7: Appium Android E2E Testing | C7: Onboarding | D7: Verify camera permission request dialog and image capture for Android Onboarding | E7: Android E2E - Onboarding - Verify camera permission request dialog and image capture (#6) | F7: Verify native Android application behavior for Onboarding using Appium automation. | G7: NutriFit APK installed on Android Emulator/Device (API level 33+), Appium session running. | H7: 1. Launch Appium driver session. 2. Open Onboarding view via native element selector. 3. Tap photo upload button, handle system permission dialog, capture photo. 4. Verify UI state. | I7: Device: Pixel 7 Pro (API 34), Package: com.nutrifit.app, Module: Onboarding | J7: Permission granted dialog works; captured image sets profile/meal avatar. for Onboarding screen on Android. | K7: Pending Execution | L7: High | M7: Major | N7: Not Executed | O7: evidence/app-and-006_screenshot.png | P7: Automated baseline generation
A8: APP-AND-007 | B8: Appium Android E2E Testing | C8: Dashboard | D8: Verify deep link url execution on Android device for Android Dashboard | E8: Android E2E - Dashboard - Verify deep link url execution on Android device (#7) | F8: Verify native Android application behavior for Dashboard using Appium automation. | G8: NutriFit APK installed on Android Emulator/Device (API level 33+), Appium session running. | H8: 1. Launch Appium driver session. 2. Open Dashboard view via native element selector. 3. Execute adb command to launch deep link URI target into app. 4. Verify UI state. | I8: Device: Pixel 7 Pro (API 34), Package: com.nutrifit.app, Module: Dashboard | J8: App launches directly into target product details view. for Dashboard screen on Android. | K8: Pending Execution | L8: Medium | M8: Moderate | N8: Not Executed | O8: evidence/app-and-007_screenshot.png | P8: Automated baseline generation
A9: APP-AND-008 | B9: Appium Android E2E Testing | C9: Profile | D9: Verify app backgrounding and resume lifecycle state for Android Profile | E9: Android E2E - Profile - Verify app backgrounding and resume lifecycle state (#8) | F9: Verify native Android application behavior for Profile using Appium automation. | G9: NutriFit APK installed on Android Emulator/Device (API level 33+), Appium session running. | H9: 1. Launch Appium driver session. 2. Open Profile view via native element selector. 3. Press Home button to send app to background for 30s, then re-open app. 4. Verify UI state. | I9: Device: Pixel 7 Pro (API 34), Package: com.nutrifit.app, Module: Profile | J9: App resumes state intact without memory leak or session logout. for Profile screen on Android. | K9: Pending Execution | L9: High | M9: Moderate | N9: Not Executed | O9: evidence/app-and-008_screenshot.png | P9: Automated baseline generation
A10: APP-AND-009 | B10: Appium Android E2E Testing | C10: Language Settings | D10: Verify dark theme integration with Android system settings for Android Language Settings | E10: Android E2E - Language Settings - Verify dark theme integration with Android system settings (#9) | F10: Verify native Android application behavior for Language Settings using Appium automation. | G10: NutriFit APK installed on Android Emulator/Device (API level 33+), Appium session running. | H10: 1. Launch Appium driver session. 2. Open Language Settings view via native element selector. 3. Toggle system-wide Android Dark Theme switch from quick settings. 4. Verify UI state. | I10: Device: Pixel 7 Pro (API 34), Package: com.nutrifit.app, Module: Language Settings | J10: NutriFit automatically adapts to OS dark theme preference. for Language Settings screen on Android. | K10: Pending Execution | L10: Medium | M10: Major | N10: Not Executed | O10: evidence/app-and-009_screenshot.png | P10: Automated baseline generation
A11: APP-AND-010 | B11: Appium Android E2E Testing | C11: AI Trainer | D11: Verify offline cached state when switching Airplane mode for Android AI Trainer | E11: Android E2E - AI Trainer - Verify offline cached state when switching Airplane mode (#10) | F11: Verify native Android application behavior for AI Trainer using Appium automation. | G11: NutriFit APK installed on Android Emulator/Device (API level 33+), Appium session running. | H11: 1. Launch Appium driver session. 2. Open AI Trainer view via native element selector. 3. Turn on Airplane Mode on device, navigate app screens. 4. Verify UI state. | I11: Device: Pixel 7 Pro (API 34), Package: com.nutrifit.app, Module: AI Trainer | J11: App displays offline warning banner while serving cached data gracefully. for AI Trainer screen on Android. | K11: Pending Execution | L11: High | M11: Moderate | N11: Not Executed | O11: evidence/app-and-010_screenshot.png | P11: Automated baseline generation
A12: APP-AND-011 | B12: Appium Android E2E Testing | C12: Workout Plan | D12: Verify native touch swipe and scroll gestures for Android Workout Plan | E12: Android E2E - Workout Plan - Verify native touch swipe and scroll gestures (#11) | F12: Verify native Android application behavior for Workout Plan using Appium automation. | G12: NutriFit APK installed on Android Emulator/Device (API level 33+), Appium session running. | H12: 1. Launch Appium driver session. 2. Open Workout Plan view via native element selector. 3. Perform vertical swipe gesture on scrollable listview container. 4. Verify UI state. | I12: Device: Pixel 7 Pro (API 34), Package: com.nutrifit.app, Module: Workout Plan | J12: Container scrolls smoothly without frame drops or touch drag locking. for Workout Plan screen on Android. | K12: Pending Execution | L12: Medium | M12: Moderate | N12: Not Executed | O12: evidence/app-and-011_screenshot.png | P12: Automated baseline generation
... A91: APP-AND-090 | B91: Appium Android E2E Testing | C91: Sleep Tracker | D91: Verify offline cached state when switching Airplane mode for Android Sleep Tracker | E91: Android E2E - Sleep Tracker - Verify offline cached state when switching Airplane mode (#90) | F91: Verify native Android application behavior for Sleep Tracker using Appium automation. | G91: NutriFit APK installed on Android Emulator/Device (API level 33+), Appium session running. | H91: 1. Launch Appium driver session. 2. Open Sleep Tracker view via native element selector. 3. Turn on Airplane Mode on device, navigate app screens. 4. Verify UI state. | I91: Device: Pixel 7 Pro (API 34), Package: com.nutrifit.app, Module: Sleep Tracker | J91: App displays offline warning banner while serving cached data gracefully. for Sleep Tracker screen on Android. | K91: Pending Execution | L91: High | M91: Major | N91: Not Executed | O91: evidence/app-and-090_screenshot.png | P91: Automated baseline generation

Sheet Flutter Tests
A1: Test Case ID | B1: Testing Type | C1: Module | D1: Test Scenario | E1: Test Case Title | F1: Objective | G1: Preconditions | H1: Test Steps | I1: Test Data | J1: Expected Result | K1: Actual Result | L1: Priority | M1: Severity | N1: Status | O1: Evidence Path | P1: Remarks
A2: FLU-TST-001 | B2: Flutter Unit and Widget Testing | C2: Splash | D2: Unit/Widget testing of Splash components | E2: Flutter Test - Splash - Verify model JSON serialization & deserialization logic (#1) | F2: Verify isolated unit logic and widget tree integrity for Splash using flutter_test package. | G2: Flutter SDK configured, flutter_test runner initialized with mock dependencies. | H2: 1. Initialize mock dependencies. 2. Pass JSON map payload to Model.fromJson(), verify fields, call model.toJson(). 3. Verify test assertions and expectations. | I2: Target Component: Splash, Framework: Flutter 3.x WidgetTester | J2: Model instantiates correctly; toJson matches expected map key values. in unit test suite. | K2: Pending Execution | L2: Medium | M2: Moderate | N2: Not Executed | O2: evidence/flu-tst-001_screenshot.png | P2: Automated baseline generation
A3: FLU-TST-002 | B3: Flutter Unit and Widget Testing | C3: Login | D3: Unit/Widget testing of Login components | E3: Flutter Test - Login - Verify form field validation regex functions (#2) | F3: Verify isolated unit logic and widget tree integrity for Login using flutter_test package. | G3: Flutter SDK configured, flutter_test runner initialized with mock dependencies. | H3: 1. Initialize mock dependencies. 2. Invoke validation utility with valid, boundary, and malformed inputs. 3. Verify test assertions and expectations. | I3: Target Component: Login, Framework: Flutter 3.x WidgetTester | J3: Validation function returns null for valid input and error string for invalid. in unit test suite. | K3: Pending Execution | L3: Medium | M3: Moderate | N3: Not Executed | O3: evidence/flu-tst-002_screenshot.png | P3: Automated baseline generation
A4: FLU-TST-003 | B4: Flutter Unit and Widget Testing | C4: Signup | D4: Unit/Widget testing of Signup components | E4: Flutter Test - Signup - Verify ChangeNotifier state mutation and notifyListeners() (#3) | F4: Verify isolated unit logic and widget tree integrity for Signup using flutter_test package. | G4: Flutter SDK configured, flutter_test runner initialized with mock dependencies. | H4: 1. Initialize mock dependencies. 2. Call state mutation method on Provider class, observe listener callback count. 3. Verify test assertions and expectations. | I4: Target Component: Signup, Framework: Flutter 3.x WidgetTester | J4: State updates as expected and notifyListeners() triggers UI rebuild once. in unit test suite. | K4: Pending Execution | L4: Medium | M4: Moderate | N4: Not Executed | O4: evidence/flu-tst-003_screenshot.png | P4: Automated baseline generation
A5: FLU-TST-004 | B5: Flutter Unit and Widget Testing | C5: Forgot Password | D5: Unit/Widget testing of Forgot Password components | E5: Flutter Test - Forgot Password - Verify Widget rendering in WidgetTester environment (#4) | F5: Verify isolated unit logic and widget tree integrity for Forgot Password using flutter_test package. | G5: Flutter SDK configured, flutter_test runner initialized with mock dependencies. | H5: 1. Initialize mock dependencies. 2. Pump widget into WidgetTester tree, search elements using find.byType / find.text. 3. Verify test assertions and expectations. | I5: Target Component: Forgot Password, Framework: Flutter 3.x WidgetTester | J5: Widget renders without layout overflow warnings or unhandled exceptions. in unit test suite. | K5: Pending Execution | L5: High | M5: Moderate | N5: Not Executed | O5: evidence/flu-tst-004_screenshot.png | P5: Automated baseline generation
A6: FLU-TST-005 | B6: Flutter Unit and Widget Testing | C6: Email Verification | D6: Unit/Widget testing of Email Verification components | E6: Flutter Test - Email Verification - Verify mock service dependency injection and async response handling (#5) | F6: Verify isolated unit logic and widget tree integrity for Email Verification using flutter_test package. | G6: Flutter SDK configured, flutter_test runner initialized with mock dependencies. | H6: 1. Initialize mock dependencies. 2. Inject MockSupabaseClient into service, call async method, await Future. 3. Verify test assertions and expectations. | I6: Target Component: Email Verification, Framework: Flutter 3.x WidgetTester | J6: Service parses mocked API response correctly into typed domain objects. in unit test suite. | K6: Pending Execution | L6: Medium | M6: Moderate | N6: Not Executed | O6: evidence/flu-tst-005_screenshot.png | P6: Automated baseline generation
A7: FLU-TST-006 | B7: Flutter Unit and Widget Testing | C7: Onboarding | D7: Unit/Widget testing of Onboarding components | E7: Flutter Test - Onboarding - Verify error boundary & fallback widget rendering on exception (#6) | F7: Verify isolated unit logic and widget tree integrity for Onboarding using flutter_test package. | G7: Flutter SDK configured, flutter_test runner initialized with mock dependencies. | H7: 1. Initialize mock dependencies. 2. Trigger exception during widget build phase inside ErrorWidget boundary. 3. Verify test assertions and expectations. | I7: Target Component: Onboarding, Framework: Flutter 3.x WidgetTester | J7: ErrorWidget fallback renders gracefully without throwing unhandled Flutter error. in unit test suite. | K7: Pending Execution | L7: Medium | M7: Moderate | N7: Not Executed | O7: evidence/flu-tst-006_screenshot.png | P7: Automated baseline generation
A8: FLU-TST-007 | B8: Flutter Unit and Widget Testing | C8: Dashboard | D8: Unit/Widget testing of Dashboard components | E8: Flutter Test - Dashboard - Verify model JSON serialization & deserialization logic (#7) | F8: Verify isolated unit logic and widget tree integrity for Dashboard using flutter_test package. | G8: Flutter SDK configured, flutter_test runner initialized with mock dependencies. | H8: 1. Initialize mock dependencies. 2. Pass JSON map payload to Model.fromJson(), verify fields, call model.toJson(). 3. Verify test assertions and expectations. | I8: Target Component: Dashboard, Framework: Flutter 3.x WidgetTester | J8: Model instantiates correctly; toJson matches expected map key values. in unit test suite. | K8: Pending Execution | L8: Medium | M8: Moderate | N8: Not Executed | O8: evidence/flu-tst-007_screenshot.png | P8: Automated baseline generation
A9: FLU-TST-008 | B9: Flutter Unit and Widget Testing | C9: Profile | D9: Unit/Widget testing of Profile components | E9: Flutter Test - Profile - Verify form field validation regex functions (#8) | F9: Verify isolated unit logic and widget tree integrity for Profile using flutter_test package. | G9: Flutter SDK configured, flutter_test runner initialized with mock dependencies. | H9: 1. Initialize mock dependencies. 2. Invoke validation utility with valid, boundary, and malformed inputs. 3. Verify test assertions and expectations. | I9: Target Component: Profile, Framework: Flutter 3.x WidgetTester | J9: Validation function returns null for valid input and error string for invalid. in unit test suite. | K9: Pending Execution | L9: High | M9: Moderate | N9: Not Executed | O9: evidence/flu-tst-008_screenshot.png | P9: Automated baseline generation
A10: FLU-TST-009 | B10: Flutter Unit and Widget Testing | C10: Language Settings | D10: Unit/Widget testing of Language Settings components | E10: Flutter Test - Language Settings - Verify ChangeNotifier state mutation and notifyListeners() (#9) | F10: Verify isolated unit logic and widget tree integrity for Language Settings using flutter_test package. | G10: Flutter SDK configured, flutter_test runner initialized with mock dependencies. | H10: 1. Initialize mock dependencies. 2. Call state mutation method on Provider class, observe listener callback count. 3. Verify test assertions and expectations. | I10: Target Component: Language Settings, Framework: Flutter 3.x WidgetTester | J10: State updates as expected and notifyListeners() triggers UI rebuild once. in unit test suite. | K10: Pending Execution | L10: Medium | M10: Moderate | N10: Not Executed | O10: evidence/flu-tst-009_screenshot.png | P10: Automated baseline generation
A11: FLU-TST-010 | B11: Flutter Unit and Widget Testing | C11: AI Trainer | D11: Unit/Widget testing of AI Trainer components | E11: Flutter Test - AI Trainer - Verify Widget rendering in WidgetTester environment (#10) | F11: Verify isolated unit logic and widget tree integrity for AI Trainer using flutter_test package. | G11: Flutter SDK configured, flutter_test runner initialized with mock dependencies. | H11: 1. Initialize mock dependencies. 2. Pump widget into WidgetTester tree, search elements using find.byType / find.text. 3. Verify test assertions and expectations. | I11: Target Component: AI Trainer, Framework: Flutter 3.x WidgetTester | J11: Widget renders without layout overflow warnings or unhandled exceptions. in unit test suite. | K11: Pending Execution | L11: Medium | M11: Critical | N11: Not Executed | O11: evidence/flu-tst-010_screenshot.png | P11: Automated baseline generation
A12: FLU-TST-011 | B12: Flutter Unit and Widget Testing | C12: Workout Plan | D12: Unit/Widget testing of Workout Plan components | E12: Flutter Test - Workout Plan - Verify mock service dependency injection and async response handling (#11) | F12: Verify isolated unit logic and widget tree integrity for Workout Plan using flutter_test package. | G12: Flutter SDK configured, flutter_test runner initialized with mock dependencies. | H12: 1. Initialize mock dependencies. 2. Inject MockSupabaseClient into service, call async method, await Future. 3. Verify test assertions and expectations. | I12: Target Component: Workout Plan, Framework: Flutter 3.x WidgetTester | J12: Service parses mocked API response correctly into typed domain objects. in unit test suite. | K12: Pending Execution | L12: Medium | M12: Moderate | N12: Not Executed | O12: evidence/flu-tst-011_screenshot.png | P12: Automated baseline generation
... A61: FLU-TST-060 | B61: Flutter Unit and Widget Testing | C61: Product Details | D61: Unit/Widget testing of Product Details components | E61: Flutter Test - Product Details - Verify error boundary & fallback widget rendering on exception (#60) | F61: Verify isolated unit logic and widget tree integrity for Product Details using flutter_test package. | G61: Flutter SDK configured, flutter_test runner initialized with mock dependencies. | H61: 1. Initialize mock dependencies. 2. Trigger exception during widget build phase inside ErrorWidget boundary. 3. Verify test assertions and expectations. | I61: Target Component: Product Details, Framework: Flutter 3.x WidgetTester | J61: ErrorWidget fallback renders gracefully without throwing unhandled Flutter error. in unit test suite. | K61: Pending Execution | L61: High | M61: Critical | N61: Not Executed | O61: evidence/flu-tst-060_screenshot.png | P61: Automated baseline generation

Sheet Functional Tests
A1: Test Case ID | B1: Testing Type | C1: Module | D1: Test Scenario | E1: Test Case Title | F1: Objective | G1: Preconditions | H1: Test Steps | I1: Test Data | J1: Expected Result | K1: Actual Result | L1: Priority | M1: Severity | N1: Status | O1: Evidence Path | P1: Remarks
A2: FUN-INT-001 | B2: Functional and Integration Testing | C2: Splash | D2: Integration testing of Splash integration point | E2: Functional Integration - Splash - Verify end-to-end data flow between client UI and Supabase DB (#1) | F2: Verify cross-module functionality and Supabase integration integrity for Splash. | G2: Test environment active, backend API / Supabase instance reachable. | H2: 1. Prepare test user session. 2. Execute Splash integration scenario. 3. Perform data creation in client UI, inspect network payload, verify DB record. 4. Validate end-to-end result. | I2: Module: Splash, API Endpoint: Supabase Rest / Realtime API | J2: Record inserted cleanly into Supabase database with matching user_id. for module Splash. | K2: Pending Execution | L2: Medium | M2: Moderate | N2: Not Executed | O2: evidence/fun-int-001_screenshot.png | P2: Automated baseline generation
A3: FUN-INT-002 | B3: Functional and Integration Testing | C3: Login | D3: Integration testing of Login integration point | E3: Functional Integration - Login - Verify state synchronization across multi-screen workflow (#2) | F3: Verify cross-module functionality and Supabase integration integrity for Login. | G3: Test environment active, backend API / Supabase instance reachable. | H3: 1. Prepare test user session. 2. Execute Login integration scenario. 3. Update preference in Settings, navigate to Dashboard, check updated state. 4. Validate end-to-end result. | I3: Module: Login, API Endpoint: Supabase Rest / Realtime API | J3: Dashboard reflects updated setting immediately without manual refresh. for module Login. | K3: Pending Execution | L3: High | M3: Moderate | N3: Not Executed | O3: evidence/fun-int-002_screenshot.png | P3: Automated baseline generation
A4: FUN-INT-003 | B4: Functional and Integration Testing | C4: Signup | D4: Integration testing of Signup integration point | E4: Functional Integration - Signup - Verify transactional workflow completion (Order / Workout log) (#3) | F4: Verify cross-module functionality and Supabase integration integrity for Signup. | G4: Test environment active, backend API / Supabase instance reachable. | H4: 1. Prepare test user session. 2. Execute Signup integration scenario. 3. Complete multi-step form workflow, submit transaction, verify summary page. 4. Validate end-to-end result. | I4: Module: Signup, API Endpoint: Supabase Rest / Realtime API | J4: Transaction completes successfully, DB state updated, confirmation displayed. for module Signup. | K4: Pending Execution | L4: Medium | M4: Moderate | N4: Not Executed | O4: evidence/fun-int-003_screenshot.png | P4: Automated baseline generation
A5: FUN-INT-004 | B5: Functional and Integration Testing | C5: Forgot Password | D5: Integration testing of Forgot Password integration point | E5: Functional Integration - Forgot Password - Verify graceful handling of network disconnect and reconnect sync (#4) | F5: Verify cross-module functionality and Supabase integration integrity for Forgot Password. | G5: Test environment active, backend API / Supabase instance reachable. | H5: 1. Prepare test user session. 2. Execute Forgot Password integration scenario. 3. Simulate offline state during data edit, restore network connection. 4. Validate end-to-end result. | I5: Module: Forgot Password, API Endpoint: Supabase Rest / Realtime API | J5: App queues unsynced changes locally and syncs with server upon connection. for module Forgot Password. | K5: Pending Execution | L5: High | M5: Moderate | N5: Not Executed | O5: evidence/fun-int-004_screenshot.png | P5: Automated baseline generation
A6: FUN-INT-005 | B6: Functional and Integration Testing | C6: Email Verification | D6: Integration testing of Email Verification integration point | E6: Functional Integration - Email Verification - Verify role-based access control and RLS query policies (#5) | F6: Verify cross-module functionality and Supabase integration integrity for Email Verification. | G6: Test environment active, backend API / Supabase instance reachable. | H6: 1. Prepare test user session. 2. Execute Email Verification integration scenario. 3. Attempt database access with unauthorized user token. 4. Validate end-to-end result. | I6: Module: Email Verification, API Endpoint: Supabase Rest / Realtime API | J6: Supabase RLS rejects unauthorized query with HTTP 403 / permission error. for module Email Verification. | K6: Pending Execution | L6: Medium | M6: Major | N6: Not Executed | O6: evidence/fun-int-005_screenshot.png | P6: Automated baseline generation
A7: FUN-INT-006 | B7: Functional and Integration Testing | C7: Onboarding | D7: Integration testing of Onboarding integration point | E7: Functional Integration - Onboarding - Verify end-to-end data flow between client UI and Supabase DB (#6) | F7: Verify cross-module functionality and Supabase integration integrity for Onboarding. | G7: Test environment active, backend API / Supabase instance reachable. | H7: 1. Prepare test user session. 2. Execute Onboarding integration scenario. 3. Perform data creation in client UI, inspect network payload, verify DB record. 4. Validate end-to-end result. | I7: Module: Onboarding, API Endpoint: Supabase Rest / Realtime API | J7: Record inserted cleanly into Supabase database with matching user_id. for module Onboarding. | K7: Pending Execution | L7: High | M7: Moderate | N7: Not Executed | O7: evidence/fun-int-006_screenshot.png | P7: Automated baseline generation
A8: FUN-INT-007 | B8: Functional and Integration Testing | C8: Dashboard | D8: Integration testing of Dashboard integration point | E8: Functional Integration - Dashboard - Verify state synchronization across multi-screen workflow (#7) | F8: Verify cross-module functionality and Supabase integration integrity for Dashboard. | G8: Test environment active, backend API / Supabase instance reachable. | H8: 1. Prepare test user session. 2. Execute Dashboard integration scenario. 3. Update preference in Settings, navigate to Dashboard, check updated state. 4. Validate end-to-end result. | I8: Module: Dashboard, API Endpoint: Supabase Rest / Realtime API | J8: Dashboard reflects updated setting immediately without manual refresh. for module Dashboard. | K8: Pending Execution | L8: Medium | M8: Moderate | N8: Not Executed | O8: evidence/fun-int-007_screenshot.png | P8: Automated baseline generation
A9: FUN-INT-008 | B9: Functional and Integration Testing | C9: Profile | D9: Integration testing of Profile integration point | E9: Functional Integration - Profile - Verify transactional workflow completion (Order / Workout log) (#8) | F9: Verify cross-module functionality and Supabase integration integrity for Profile. | G9: Test environment active, backend API / Supabase instance reachable. | H9: 1. Prepare test user session. 2. Execute Profile integration scenario. 3. Complete multi-step form workflow, submit transaction, verify summary page. 4. Validate end-to-end result. | I9: Module: Profile, API Endpoint: Supabase Rest / Realtime API | J9: Transaction completes successfully, DB state updated, confirmation displayed. for module Profile. | K9: Pending Execution | L9: High | M9: Moderate | N9: Not Executed | O9: evidence/fun-int-008_screenshot.png | P9: Automated baseline generation
A10: FUN-INT-009 | B10: Functional and Integration Testing | C10: Language Settings | D10: Integration testing of Language Settings integration point | E10: Functional Integration - Language Settings - Verify graceful handling of network disconnect and reconnect sync (#9) | F10: Verify cross-module functionality and Supabase integration integrity for Language Settings. | G10: Test environment active, backend API / Supabase instance reachable. | H10: 1. Prepare test user session. 2. Execute Language Settings integration scenario. 3. Simulate offline state during data edit, restore network connection. 4. Validate end-to-end result. | I10: Module: Language Settings, API Endpoint: Supabase Rest / Realtime API | J10: App queues unsynced changes locally and syncs with server upon connection. for module Language Settings. | K10: Pending Execution | L10: Medium | M10: Moderate | N10: Not Executed | O10: evidence/fun-int-009_screenshot.png | P10: Automated baseline generation
A11: FUN-INT-010 | B11: Functional and Integration Testing | C11: AI Trainer | D11: Integration testing of AI Trainer integration point | E11: Functional Integration - AI Trainer - Verify role-based access control and RLS query policies (#10) | F11: Verify cross-module functionality and Supabase integration integrity for AI Trainer. | G11: Test environment active, backend API / Supabase instance reachable. | H11: 1. Prepare test user session. 2. Execute AI Trainer integration scenario. 3. Attempt database access with unauthorized user token. 4. Validate end-to-end result. | I11: Module: AI Trainer, API Endpoint: Supabase Rest / Realtime API | J11: Supabase RLS rejects unauthorized query with HTTP 403 / permission error. for module AI Trainer. | K11: Pending Execution | L11: High | M11: Major | N11: Not Executed | O11: evidence/fun-int-010_screenshot.png | P11: Automated baseline generation
A12: FUN-INT-011 | B12: Functional and Integration Testing | C12: Workout Plan | D12: Integration testing of Workout Plan integration point | E12: Functional Integration - Workout Plan - Verify end-to-end data flow between client UI and Supabase DB (#11) | F12: Verify cross-module functionality and Supabase integration integrity for Workout Plan. | G12: Test environment active, backend API / Supabase instance reachable. | H12: 1. Prepare test user session. 2. Execute Workout Plan integration scenario. 3. Perform data creation in client UI, inspect network payload, verify DB record. 4. Validate end-to-end result. | I12: Module: Workout Plan, API Endpoint: Supabase Rest / Realtime API | J12: Record inserted cleanly into Supabase database with matching user_id. for module Workout Plan. | K12: Pending Execution | L12: Medium | M12: Moderate | N12: Not Executed | O12: evidence/fun-int-011_screenshot.png | P12: Automated baseline generation
... A51: FUN-INT-050 | B51: Functional and Integration Testing | C51: Budget Diet Plan | D51: Integration testing of Budget Diet Plan integration point | E51: Functional Integration - Budget Diet Plan - Verify role-based access control and RLS query policies (#50) | F51: Verify cross-module functionality and Supabase integration integrity for Budget Diet Plan. | G51: Test environment active, backend API / Supabase instance reachable. | H51: 1. Prepare test user session. 2. Execute Budget Diet Plan integration scenario. 3. Attempt database access with unauthorized user token. 4. Validate end-to-end result. | I51: Module: Budget Diet Plan, API Endpoint: Supabase Rest / Realtime API | J51: Supabase RLS rejects unauthorized query with HTTP 403 / permission error. for module Budget Diet Plan. | K51: Pending Execution | L51: High | M51: Major | N51: Not Executed | O51: evidence/fun-int-050_screenshot.png | P51: Automated baseline generation

Sheet Load Tests
A1: Test Case ID | B1: Testing Type | C1: Module | D1: Test Scenario | E1: Test Case Title | F1: Objective | G1: Preconditions | H1: Test Steps | I1: Test Data | J1: Expected Result | K1: Actual Result | L1: Priority | M1: Severity | N1: Status | O1: Evidence Path | P1: Remarks
A2: PER-LOD-001 | B2: Load and Performance Testing | C2: Splash | D2: Load & Performance evaluation of Splash | E2: Performance - Splash - Verify REST API endpoint throughput under 100 concurrent virtual users (#1) | F2: Ensure Splash meets strict performance thresholds under load on local test server. | G2: Local test server active on localhost:8080 / Supabase local Docker stack. | H2: 1. Spin up performance benchmark tools. 2. Target Splash endpoint/component. 3. Locust / JMeter load test script executing against localhost test environment. 4. Collect latency/FPS telemetry. | I2: Target: http://localhost:8080/api/splash, Load Target: 100 VU, Hatch rate 10/s | J2: Response time p95 < 300ms, error rate 0.0%. for Splash. | K2: Pending Execution | L2: Medium | M2: Moderate | N2: Not Executed | O2: evidence/per-lod-001_screenshot.png | P2: Automated baseline generation
A3: PER-LOD-002 | B3: Load and Performance Testing | C3: Login | D3: Load & Performance evaluation of Login | E3: Performance - Login - Verify UI rendering framerate (60 FPS) during rapid scrolling animation (#2) | F3: Ensure Login meets strict performance thresholds under load on local test server. | G3: Local test server active on localhost:8080 / Supabase local Docker stack. | H3: 1. Spin up performance benchmark tools. 2. Target Login endpoint/component. 3. Scroll list view continuously for 60 seconds while monitoring Flutter Performance overlay. 4. Collect latency/FPS telemetry. | I3: Target: http://localhost:8080/api/login, Load Target: 100 list items with images | J3: Frame rendering stays steady at 60 FPS without jank or dropped frames. for Login. | K3: Pending Execution | L3: Medium | M3: Moderate | N3: Not Executed | O3: evidence/per-lod-002_screenshot.png | P3: Automated baseline generation
A4: PER-LOD-003 | B4: Load and Performance Testing | C4: Signup | D4: Load & Performance evaluation of Signup | E4: Performance - Signup - Verify memory consumption stability during prolonged application usage (#3) | F4: Ensure Signup meets strict performance thresholds under load on local test server. | G4: Local test server active on localhost:8080 / Supabase local Docker stack. | H4: 1. Spin up performance benchmark tools. 2. Target Signup endpoint/component. 3. Perform continuous navigation transitions across views for 15 minutes. 4. Collect latency/FPS telemetry. | I4: Target: http://localhost:8080/api/signup, Load Target: Memory Profiler session | J4: Heap memory remains stable under 180MB without progressive memory leaks. for Signup. | K4: Pending Execution | L4: High | M4: Moderate | N4: Not Executed | O4: evidence/per-lod-003_screenshot.png | P4: Automated baseline generation
A5: PER-LOD-004 | B5: Load and Performance Testing | C5: Forgot Password | D5: Load & Performance evaluation of Forgot Password | E5: Performance - Forgot Password - Verify database query response latency under bulk data insertion (#4) | F5: Ensure Forgot Password meets strict performance thresholds under load on local test server. | G5: Local test server active on localhost:8080 / Supabase local Docker stack. | H5: 1. Spin up performance benchmark tools. 2. Target Forgot Password endpoint/component. 3. Insert 500 records concurrently into Supabase table in test sandbox. 4. Collect latency/FPS telemetry. | I5: Target: http://localhost:8080/api/forgot_password, Load Target: 500 mock records | J5: Total insertion batch time < 1.5 seconds. for Forgot Password. | K5: Pending Execution | L5: Medium | M5: Major | N5: Not Executed | O5: evidence/per-lod-004_screenshot.png | P5: Automated baseline generation
A6: PER-LOD-005 | B6: Load and Performance Testing | C6: Email Verification | D6: Load & Performance evaluation of Email Verification | E6: Performance - Email Verification - Verify asset image loading optimization and caching performance (#5) | F6: Ensure Email Verification meets strict performance thresholds under load on local test server. | G6: Local test server active on localhost:8080 / Supabase local Docker stack. | H6: 1. Spin up performance benchmark tools. 2. Target Email Verification endpoint/component. 3. Load media gallery containing 50 compressed webp assets. 4. Collect latency/FPS telemetry. | I6: Target: http://localhost:8080/api/email_verification, Load Target: WebP asset suite | J6: First contentful paint < 400ms, cached reload < 50ms. for Email Verification. | K6: Pending Execution | L6: Medium | M6: Moderate | N6: Not Executed | O6: evidence/per-lod-005_screenshot.png | P6: Automated baseline generation
A7: PER-LOD-006 | B7: Load and Performance Testing | C7: Onboarding | D7: Load & Performance evaluation of Onboarding | E7: Performance - Onboarding - Verify REST API endpoint throughput under 100 concurrent virtual users (#6) | F7: Ensure Onboarding meets strict performance thresholds under load on local test server. | G7: Local test server active on localhost:8080 / Supabase local Docker stack. | H7: 1. Spin up performance benchmark tools. 2. Target Onboarding endpoint/component. 3. Locust / JMeter load test script executing against localhost test environment. 4. Collect latency/FPS telemetry. | I7: Target: http://localhost:8080/api/onboarding, Load Target: 100 VU, Hatch rate 10/s | J7: Response time p95 < 300ms, error rate 0.0%. for Onboarding. | K7: Pending Execution | L7: High | M7: Moderate | N7: Not Executed | O7: evidence/per-lod-006_screenshot.png | P7: Automated baseline generation
A8: PER-LOD-007 | B8: Load and Performance Testing | C8: Dashboard | D8: Load & Performance evaluation of Dashboard | E8: Performance - Dashboard - Verify UI rendering framerate (60 FPS) during rapid scrolling animation (#7) | F8: Ensure Dashboard meets strict performance thresholds under load on local test server. | G8: Local test server active on localhost:8080 / Supabase local Docker stack. | H8: 1. Spin up performance benchmark tools. 2. Target Dashboard endpoint/component. 3. Scroll list view continuously for 60 seconds while monitoring Flutter Performance overlay. 4. Collect latency/FPS telemetry. | I8: Target: http://localhost:8080/api/dashboard, Load Target: 100 list items with images | J8: Frame rendering stays steady at 60 FPS without jank or dropped frames. for Dashboard. | K8: Pending Execution | L8: Medium | M8: Moderate | N8: Not Executed | O8: evidence/per-lod-007_screenshot.png | P8: Automated baseline generation
A9: PER-LOD-008 | B9: Load and Performance Testing | C9: Profile | D9: Load & Performance evaluation of Profile | E9: Performance - Profile - Verify memory consumption stability during prolonged application usage (#8) | F9: Ensure Profile meets strict performance thresholds under load on local test server. | G9: Local test server active on localhost:8080 / Supabase local Docker stack. | H9: 1. Spin up performance benchmark tools. 2. Target Profile endpoint/component. 3. Perform continuous navigation transitions across views for 15 minutes. 4. Collect latency/FPS telemetry. | I9: Target: http://localhost:8080/api/profile, Load Target: Memory Profiler session | J9: Heap memory remains stable under 180MB without progressive memory leaks. for Profile. | K9: Pending Execution | L9: Medium | M9: Major | N9: Not Executed | O9: evidence/per-lod-008_screenshot.png | P9: Automated baseline generation
A10: PER-LOD-009 | B10: Load and Performance Testing | C10: Language Settings | D10: Load & Performance evaluation of Language Settings | E10: Performance - Language Settings - Verify database query response latency under bulk data insertion (#9) | F10: Ensure Language Settings meets strict performance thresholds under load on local test server. | G10: Local test server active on localhost:8080 / Supabase local Docker stack. | H10: 1. Spin up performance benchmark tools. 2. Target Language Settings endpoint/component. 3. Insert 500 records concurrently into Supabase table in test sandbox. 4. Collect latency/FPS telemetry. | I10: Target: http://localhost:8080/api/language_settings, Load Target: 500 mock records | J10: Total insertion batch time < 1.5 seconds. for Language Settings. | K10: Pending Execution | L10: High | M10: Moderate | N10: Not Executed | O10: evidence/per-lod-009_screenshot.png | P10: Automated baseline generation
A11: PER-LOD-010 | B11: Load and Performance Testing | C11: AI Trainer | D11: Load & Performance evaluation of AI Trainer | E11: Performance - AI Trainer - Verify asset image loading optimization and caching performance (#10) | F11: Ensure AI Trainer meets strict performance thresholds under load on local test server. | G11: Local test server active on localhost:8080 / Supabase local Docker stack. | H11: 1. Spin up performance benchmark tools. 2. Target AI Trainer endpoint/component. 3. Load media gallery containing 50 compressed webp assets. 4. Collect latency/FPS telemetry. | I11: Target: http://localhost:8080/api/ai_trainer, Load Target: WebP asset suite | J11: First contentful paint < 400ms, cached reload < 50ms. for AI Trainer. | K11: Pending Execution | L11: Medium | M11: Moderate | N11: Not Executed | O11: evidence/per-lod-010_screenshot.png | P11: Automated baseline generation
A12: PER-LOD-011 | B12: Load and Performance Testing | C12: Workout Plan | D12: Load & Performance evaluation of Workout Plan | E12: Performance - Workout Plan - Verify REST API endpoint throughput under 100 concurrent virtual users (#11) | F12: Ensure Workout Plan meets strict performance thresholds under load on local test server. | G12: Local test server active on localhost:8080 / Supabase local Docker stack. | H12: 1. Spin up performance benchmark tools. 2. Target Workout Plan endpoint/component. 3. Locust / JMeter load test script executing against localhost test environment. 4. Collect latency/FPS telemetry. | I12: Target: http://localhost:8080/api/workout_plan, Load Target: 100 VU, Hatch rate 10/s | J12: Response time p95 < 300ms, error rate 0.0%. for Workout Plan. | K12: Pending Execution | L12: Medium | M12: Moderate | N12: Not Executed | O12: evidence/per-lod-011_screenshot.png | P12: Automated baseline generation
... A31: PER-LOD-030 | B31: Load and Performance Testing | C31: My Orders | D31: Load & Performance evaluation of My Orders | E31: Performance - My Orders - Verify asset image loading optimization and caching performance (#30) | F31: Ensure My Orders meets strict performance thresholds under load on local test server. | G31: Local test server active on localhost:8080 / Supabase local Docker stack. | H31: 1. Spin up performance benchmark tools. 2. Target My Orders endpoint/component. 3. Load media gallery containing 50 compressed webp assets. 4. Collect latency/FPS telemetry. | I31: Target: http://localhost:8080/api/my_orders, Load Target: WebP asset suite | J31: First contentful paint < 400ms, cached reload < 50ms. for My Orders. | K31: Pending Execution | L31: High | M31: Moderate | N31: Not Executed | O31: evidence/per-lod-030_screenshot.png | P31: Automated baseline generation

Sheet Safe Vulnerability Checks
A1: Test Case ID | B1: Testing Type | C1: Module | D1: Test Scenario | E1: Test Case Title | F1: Objective | G1: Preconditions | H1: Test Steps | I1: Test Data | J1: Expected Result | K1: Actual Result | L1: Priority | M1: Severity | N1: Status | O1: Evidence Path | P1: Remarks
A2: SEC-VUL-001 | B2: Safe Vulnerability and Configuration Checks | C2: Splash | D2: Safe configuration & security audit for Splash | E2: Security Check - Splash - Verify environment variable isolation and absence of hardcoded secrets (#1) | F2: Verify OWASP compliance and safe configuration posture for Splash without external scanning. | G2: Static analysis tool ready, test environment sandbox active locally. | H2: 1. Audit Splash implementation configuration. 2. Scan repository codebase and build artifacts for plain-text API keys, DB passwords, or credentials. 3. Validate zero security vulnerabilities. | I2: Audit Scope: Splash, Method: Safe passive check / Static analysis | J2: Zero sensitive credentials found hardcoded in source files or client assets. for Splash. | K2: Pending Execution | L2: High | M2: Major | N2: Not Executed | O2: evidence/sec-vul-001_screenshot.png | P2: Automated baseline generation
A3: SEC-VUL-002 | B3: Safe Vulnerability and Configuration Checks | C3: Login | D3: Safe configuration & security audit for Login | E3: Security Check - Login - Verify Row Level Security (RLS) enforcement on Supabase tables (#2) | F3: Verify OWASP compliance and safe configuration posture for Login without external scanning. | G3: Static analysis tool ready, test environment sandbox active locally. | H3: 1. Audit Login implementation configuration. 2. Attempt SELECT/UPDATE query on private user records using secondary user JWT auth token. 3. Validate zero security vulnerabilities. | I3: Audit Scope: Login, Method: Safe passive check / Static analysis | J3: Query returns 0 records or permission error; access strictly isolated by user_id. for Login. | K3: Pending Execution | L3: High | M3: Critical | N3: Not Executed | O3: evidence/sec-vul-002_screenshot.png | P3: Automated baseline generation
A4: SEC-VUL-003 | B4: Safe Vulnerability and Configuration Checks | C4: Signup | D4: Safe configuration & security audit for Signup | E4: Security Check - Signup - Verify HTTPS/TLS communication enforcement for all remote API calls (#3) | F4: Verify OWASP compliance and safe configuration posture for Signup without external scanning. | G4: Static analysis tool ready, test environment sandbox active locally. | H4: 1. Audit Signup implementation configuration. 2. Audit network requests originating from client application. 3. Validate zero security vulnerabilities. | I4: Audit Scope: Signup, Method: Safe passive check / Static analysis | J4: All outbound connections enforce TLS 1.3/1.2; insecure HTTP rejected. for Signup. | K4: Pending Execution | L4: High | M4: Major | N4: Not Executed | O4: evidence/sec-vul-003_screenshot.png | P4: Automated baseline generation
A5: SEC-VUL-004 | B5: Safe Vulnerability and Configuration Checks | C5: Forgot Password | D5: Safe configuration & security audit for Forgot Password | E5: Security Check - Forgot Password - Verify SQL Injection sanitization in search filter input fields (#4) | F5: Verify OWASP compliance and safe configuration posture for Forgot Password without external scanning. | G5: Static analysis tool ready, test environment sandbox active locally. | H5: 1. Audit Forgot Password implementation configuration. 2. Submit payload `' OR '1'='1` in search inputs across screens. 3. Validate zero security vulnerabilities. | I5: Audit Scope: Forgot Password, Method: Safe passive check / Static analysis | J5: Input sanitized properly; no SQL syntax error or unauthorized data disclosure. for Forgot Password. | K5: Pending Execution | L5: High | M5: Critical | N5: Not Executed | O5: evidence/sec-vul-004_screenshot.png | P5: Automated baseline generation
A6: SEC-VUL-005 | B6: Safe Vulnerability and Configuration Checks | C6: Email Verification | D6: Safe configuration & security audit for Email Verification | E6: Security Check - Email Verification - Verify XSS (Cross-Site Scripting) prevention in user input fields (#5) | F6: Verify OWASP compliance and safe configuration posture for Email Verification without external scanning. | G6: Static analysis tool ready, test environment sandbox active locally. | H6: 1. Audit Email Verification implementation configuration. 2. Submit payload `<script>alert('xss')</script>` in user text input fields. 3. Validate zero security vulnerabilities. | I6: Audit Scope: Email Verification, Method: Safe passive check / Static analysis | J6: Input escaped safely as literal string; script tag not executed in DOM context. for Email Verification. | K6: Pending Execution | L6: High | M6: Major | N6: Not Executed | O6: evidence/sec-vul-005_screenshot.png | P6: Automated baseline generation
A7: SEC-VUL-006 | B7: Safe Vulnerability and Configuration Checks | C7: Onboarding | D7: Safe configuration & security audit for Onboarding | E7: Security Check - Onboarding - Verify environment variable isolation and absence of hardcoded secrets (#6) | F7: Verify OWASP compliance and safe configuration posture for Onboarding without external scanning. | G7: Static analysis tool ready, test environment sandbox active locally. | H7: 1. Audit Onboarding implementation configuration. 2. Scan repository codebase and build artifacts for plain-text API keys, DB passwords, or credentials. 3. Validate zero security vulnerabilities. | I7: Audit Scope: Onboarding, Method: Safe passive check / Static analysis | J7: Zero sensitive credentials found hardcoded in source files or client assets. for Onboarding. | K7: Pending Execution | L7: High | M7: Critical | N7: Not Executed | O7: evidence/sec-vul-006_screenshot.png | P7: Automated baseline generation
A8: SEC-VUL-007 | B8: Safe Vulnerability and Configuration Checks | C8: Dashboard | D8: Safe configuration & security audit for Dashboard | E8: Security Check - Dashboard - Verify Row Level Security (RLS) enforcement on Supabase tables (#7) | F8: Verify OWASP compliance and safe configuration posture for Dashboard without external scanning. | G8: Static analysis tool ready, test environment sandbox active locally. | H8: 1. Audit Dashboard implementation configuration. 2. Attempt SELECT/UPDATE query on private user records using secondary user JWT auth token. 3. Validate zero security vulnerabilities. | I8: Audit Scope: Dashboard, Method: Safe passive check / Static analysis | J8: Query returns 0 records or permission error; access strictly isolated by user_id. for Dashboard. | K8: Pending Execution | L8: High | M8: Major | N8: Not Executed | O8: evidence/sec-vul-007_screenshot.png | P8: Automated baseline generation
A9: SEC-VUL-008 | B9: Safe Vulnerability and Configuration Checks | C9: Profile | D9: Safe configuration & security audit for Profile | E9: Security Check - Profile - Verify HTTPS/TLS communication enforcement for all remote API calls (#8) | F9: Verify OWASP compliance and safe configuration posture for Profile without external scanning. | G9: Static analysis tool ready, test environment sandbox active locally. | H9: 1. Audit Profile implementation configuration. 2. Audit network requests originating from client application. 3. Validate zero security vulnerabilities. | I9: Audit Scope: Profile, Method: Safe passive check / Static analysis | J9: All outbound connections enforce TLS 1.3/1.2; insecure HTTP rejected. for Profile. | K9: Pending Execution | L9: High | M9: Critical | N9: Not Executed | O9: evidence/sec-vul-008_screenshot.png | P9: Automated baseline generation
A10: SEC-VUL-009 | B10: Safe Vulnerability and Configuration Checks | C10: Language Settings | D10: Safe configuration & security audit for Language Settings | E10: Security Check - Language Settings - Verify SQL Injection sanitization in search filter input fields (#9) | F10: Verify OWASP compliance and safe configuration posture for Language Settings without external scanning. | G10: Static analysis tool ready, test environment sandbox active locally. | H10: 1. Audit Language Settings implementation configuration. 2. Submit payload `' OR '1'='1` in search inputs across screens. 3. Validate zero security vulnerabilities. | I10: Audit Scope: Language Settings, Method: Safe passive check / Static analysis | J10: Input sanitized properly; no SQL syntax error or unauthorized data disclosure. for Language Settings. | K10: Pending Execution | L10: High | M10: Major | N10: Not Executed | O10: evidence/sec-vul-009_screenshot.png | P10: Automated baseline generation
A11: SEC-VUL-010 | B11: Safe Vulnerability and Configuration Checks | C11: AI Trainer | D11: Safe configuration & security audit for AI Trainer | E11: Security Check - AI Trainer - Verify XSS (Cross-Site Scripting) prevention in user input fields (#10) | F11: Verify OWASP compliance and safe configuration posture for AI Trainer without external scanning. | G11: Static analysis tool ready, test environment sandbox active locally. | H11: 1. Audit AI Trainer implementation configuration. 2. Submit payload `<script>alert('xss')</script>` in user text input fields. 3. Validate zero security vulnerabilities. | I11: Audit Scope: AI Trainer, Method: Safe passive check / Static analysis | J11: Input escaped safely as literal string; script tag not executed in DOM context. for AI Trainer. | K11: Pending Execution | L11: High | M11: Critical | N11: Not Executed | O11: evidence/sec-vul-010_screenshot.png | P11: Automated baseline generation
A12: SEC-VUL-011 | B12: Safe Vulnerability and Configuration Checks | C12: Workout Plan | D12: Safe configuration & security audit for Workout Plan | E12: Security Check - Workout Plan - Verify environment variable isolation and absence of hardcoded secrets (#11) | F12: Verify OWASP compliance and safe configuration posture for Workout Plan without external scanning. | G12: Static analysis tool ready, test environment sandbox active locally. | H12: 1. Audit Workout Plan implementation configuration. 2. Scan repository codebase and build artifacts for plain-text API keys, DB passwords, or credentials. 3. Validate zero security vulnerabilities. | I12: Audit Scope: Workout Plan, Method: Safe passive check / Static analysis | J12: Zero sensitive credentials found hardcoded in source files or client assets. for Workout Plan. | K12: Pending Execution | L12: High | M12: Major | N12: Not Executed | O12: evidence/sec-vul-011_screenshot.png | P12: Automated baseline generation
... A31: SEC-VUL-030 | B31: Safe Vulnerability and Configuration Checks | C31: My Orders | D31: Safe configuration & security audit for My Orders | E31: Security Check - My Orders - Verify XSS (Cross-Site Scripting) prevention in user input fields (#30) | F31: Verify OWASP compliance and safe configuration posture for My Orders without external scanning. | G31: Static analysis tool ready, test environment sandbox active locally. | H31: 1. Audit My Orders implementation configuration. 2. Submit payload `<script>alert('xss')</script>` in user text input fields. 3. Validate zero security vulnerabilities. | I31: Audit Scope: My Orders, Method: Safe passive check / Static analysis | J31: Input escaped safely as literal string; script tag not executed in DOM context. for My Orders. | K31: Pending Execution | L31: High | M31: Critical | N31: Not Executed | O31: evidence/sec-vul-030_screenshot.png | P31: Automated baseline generation

Sheet Failed Tests
A1: Test Case ID | B1: Testing Type | C1: Module | D1: Test Scenario | E1: Test Case Title | F1: Objective | G1: Preconditions | H1: Test Steps | I1: Test Data | J1: Expected Result | K1: Actual Result | L1: Priority | M1: Severity | N1: Status | O1: Evidence Path | P1: Remarks
A2: N/A | B2: System Filter | C2: All Modules | D2: Failed Test Tracking View | E2: No Failed Test Cases Recorded | F2: Track test execution failures dynamically | G2: Initial status baseline: All test cases set to 'Not Executed' | H2: 1. Execute automated CI test suite. 2. Filter test cases with Status == 'Failed'. 3. Populate failure log here. | I2: Status: Not Executed | J2: 0 Failures detected in initial baseline run | K2: All test cases currently Not Executed | L2: High | M2: Critical | N2: Not Executed | O2: N/A | P2: This sheet serves as the dedicated failure review log during test execution cycles.

Sheet Execution Evidence
A1: Test Case ID | B1: Testing Type | C1: Module | D1: Test Scenario | E1: Status | F1: Evidence File Path | G1: Timestamp | H1: Artifact Name | I1: Verification Notes
A2: SEL-WEB-001 | B2: Selenium Web UI Testing | C2: Splash | D2: Verify page load responsiveness across desktop break points in Splash module | E2: Not Executed | F2: testing-reports/evidence/sel-web-001_log.png | G2: 2026-07-21 23:30:00 UTC | H2: nutrifit-sel-web-001-artifact.zip | I2: Baseline screenshot & DOM trace artifact allocated
A3: SEL-WEB-002 | B3: Selenium Web UI Testing | C3: Login | D3: Verify form input validations and error hints in Login module | E3: Not Executed | F3: testing-reports/evidence/sel-web-002_log.png | G3: 2026-07-21 23:30:00 UTC | H3: nutrifit-sel-web-002-artifact.zip | I3: Baseline screenshot & DOM trace artifact allocated
A4: SEL-WEB-003 | B4: Selenium Web UI Testing | C4: Signup | D4: Verify interactive button states and hover effects in Signup module | E4: Not Executed | F4: testing-reports/evidence/sel-web-003_log.png | G4: 2026-07-21 23:30:00 UTC | H4: nutrifit-sel-web-003-artifact.zip | I4: Baseline screenshot & DOM trace artifact allocated
A5: SEL-WEB-004 | B5: Selenium Web UI Testing | C5: Forgot Password | D5: Verify modal dialog overlay behavior in Forgot Password module | E5: Not Executed | F5: testing-reports/evidence/sel-web-004_log.png | G5: 2026-07-21 23:30:00 UTC | H5: nutrifit-sel-web-004-artifact.zip | I5: Baseline screenshot & DOM trace artifact allocated
A6: SEL-WEB-005 | B6: Selenium Web UI Testing | C6: Email Verification | D6: Verify table sorting and pagination controls in Email Verification module | E6: Not Executed | F6: testing-reports/evidence/sel-web-005_log.png | G6: 2026-07-21 23:30:00 UTC | H6: nutrifit-sel-web-005-artifact.zip | I6: Baseline screenshot & DOM trace artifact allocated
A7: SEL-WEB-006 | B7: Selenium Web UI Testing | C7: Onboarding | D7: Verify theme switching (Dark/Light mode) on Web in Onboarding module | E7: Not Executed | F7: testing-reports/evidence/sel-web-006_log.png | G7: 2026-07-21 23:30:00 UTC | H7: nutrifit-sel-web-006-artifact.zip | I7: Baseline screenshot & DOM trace artifact allocated
A8: SEL-WEB-007 | B8: Selenium Web UI Testing | C8: Dashboard | D8: Verify navigation drawer opening and item selection in Dashboard module | E8: Not Executed | F8: testing-reports/evidence/sel-web-007_log.png | G8: 2026-07-21 23:30:00 UTC | H8: nutrifit-sel-web-007-artifact.zip | I8: Baseline screenshot & DOM trace artifact allocated
A9: SEL-WEB-008 | B9: Selenium Web UI Testing | C9: Profile | D9: Verify image lazy loading and fallback rendering in Profile module | E9: Not Executed | F9: testing-reports/evidence/sel-web-008_log.png | G9: 2026-07-21 23:30:00 UTC | H9: nutrifit-sel-web-008-artifact.zip | I9: Baseline screenshot & DOM trace artifact allocated
A10: SEL-WEB-009 | B10: Selenium Web UI Testing | C10: Language Settings | D10: Verify browser back and forward navigation history in Language Settings module | E10: Not Executed | F10: testing-reports/evidence/sel-web-009_log.png | G10: 2026-07-21 23:30:00 UTC | H10: nutrifit-sel-web-009-artifact.zip | I10: Baseline screenshot & DOM trace artifact allocated
A11: SEL-WEB-010 | B11: Selenium Web UI Testing | C11: AI Trainer | D11: Verify accessibility aria-labels and keyboard tab traversal in AI Trainer module | E11: Not Executed | F11: testing-reports/evidence/sel-web-010_log.png | G11: 2026-07-21 23:30:00 UTC | H11: nutrifit-sel-web-010-artifact.zip | I11: Baseline screenshot & DOM trace artifact allocated
A12: SEL-WEB-011 | B12: Selenium Web UI Testing | C12: Workout Plan | D12: Verify page load responsiveness across desktop break points in Workout Plan module | E12: Not Executed | F12: testing-reports/evidence/sel-web-011_log.png | G12: 2026-07-21 23:30:00 UTC | H12: nutrifit-sel-web-011-artifact.zip | I12: Baseline screenshot & DOM trace artifact allocated
... A21: SEL-WEB-020 | B21: Selenium Web UI Testing | C21: Notifications | D21: Verify accessibility aria-labels and keyboard tab traversal in Notifications module | E21: Not Executed | F21: testing-reports/evidence/sel-web-020_log.png | G21: 2026-07-21 23:30:00 UTC | H21: nutrifit-sel-web-020-artifact.zip | I21: Baseline screenshot & DOM trace artifact allocated
