Workbook

Sheet Summary Dashboard
A1: NutriFit QA - Selenium Web Test Suite Summary
A2: Category: Selenium Web | Total Test Cases: 350 | Target: Local Test Environment
A4: Total Test Cases | B4: Passed | C4: Failed | D4: Skipped | E4: Blocked | F4: Not Executed | G4: Pass Rate %
A5: =COUNT('Detailed Test Cases'!A:A) | B5: =COUNTIF('Detailed Test Cases'!M:M, "Passed") | C5: =COUNTIF('Detailed Test Cases'!M:M, "Failed") | D5: =COUNTIF('Detailed Test Cases'!M:M, "Skipped") | E5: =COUNTIF('Detailed Test Cases'!M:M, "Blocked") | F5: =COUNTIF('Detailed Test Cases'!M:M, "Not Executed") | G5: =IF(B4=0, "0%", TEXT(B5/B4, "0.0%"))
A7: Module-Wise Test Coverage Breakdown (All 22 Modules)
A8: Module Name | B8: Total Cases | C8: Passed | D8: Failed | E8: Skipped | F8: Blocked | G8: Not Executed
A9: Authentication | B9: =COUNTIF('Detailed Test Cases'!B:B, A9) | C9: =COUNTIFS('Detailed Test Cases'!B:B, A9, 'Detailed Test Cases'!M:M, "Passed") | D9: =COUNTIFS('Detailed Test Cases'!B:B, A9, 'Detailed Test Cases'!M:M, "Failed") | E9: =COUNTIFS('Detailed Test Cases'!B:B, A9, 'Detailed Test Cases'!M:M, "Skipped") | F9: =COUNTIFS('Detailed Test Cases'!B:B, A9, 'Detailed Test Cases'!M:M, "Blocked") | G9: =COUNTIFS('Detailed Test Cases'!B:B, A9, 'Detailed Test Cases'!M:M, "Not Executed")
A10: Dashboard | B10: =COUNTIF('Detailed Test Cases'!B:B, A10) | C10: =COUNTIFS('Detailed Test Cases'!B:B, A10, 'Detailed Test Cases'!M:M, "Passed") | D10: =COUNTIFS('Detailed Test Cases'!B:B, A10, 'Detailed Test Cases'!M:M, "Failed") | E10: =COUNTIFS('Detailed Test Cases'!B:B, A10, 'Detailed Test Cases'!M:M, "Skipped") | F10: =COUNTIFS('Detailed Test Cases'!B:B, A10, 'Detailed Test Cases'!M:M, "Blocked") | G10: =COUNTIFS('Detailed Test Cases'!B:B, A10, 'Detailed Test Cases'!M:M, "Not Executed")
A11: Workout | B11: =COUNTIF('Detailed Test Cases'!B:B, A11) | C11: =COUNTIFS('Detailed Test Cases'!B:B, A11, 'Detailed Test Cases'!M:M, "Passed") | D11: =COUNTIFS('Detailed Test Cases'!B:B, A11, 'Detailed Test Cases'!M:M, "Failed") | E11: =COUNTIFS('Detailed Test Cases'!B:B, A11, 'Detailed Test Cases'!M:M, "Skipped") | F11: =COUNTIFS('Detailed Test Cases'!B:B, A11, 'Detailed Test Cases'!M:M, "Blocked") | G11: =COUNTIFS('Detailed Test Cases'!B:B, A11, 'Detailed Test Cases'!M:M, "Not Executed")
A12: Diet | B12: =COUNTIF('Detailed Test Cases'!B:B, A12) | C12: =COUNTIFS('Detailed Test Cases'!B:B, A12, 'Detailed Test Cases'!M:M, "Passed") | D12: =COUNTIFS('Detailed Test Cases'!B:B, A12, 'Detailed Test Cases'!M:M, "Failed") | E12: =COUNTIFS('Detailed Test Cases'!B:B, A12, 'Detailed Test Cases'!M:M, "Skipped") | F12: =COUNTIFS('Detailed Test Cases'!B:B, A12, 'Detailed Test Cases'!M:M, "Blocked") | G12: =COUNTIFS('Detailed Test Cases'!B:B, A12, 'Detailed Test Cases'!M:M, "Not Executed")
A13: Budget Diet | B13: =COUNTIF('Detailed Test Cases'!B:B, A13) | C13: =COUNTIFS('Detailed Test Cases'!B:B, A13, 'Detailed Test Cases'!M:M, "Passed") | D13: =COUNTIFS('Detailed Test Cases'!B:B, A13, 'Detailed Test Cases'!M:M, "Failed") | E13: =COUNTIFS('Detailed Test Cases'!B:B, A13, 'Detailed Test Cases'!M:M, "Skipped") | F13: =COUNTIFS('Detailed Test Cases'!B:B, A13, 'Detailed Test Cases'!M:M, "Blocked") | G13: =COUNTIFS('Detailed Test Cases'!B:B, A13, 'Detailed Test Cases'!M:M, "Not Executed")
A14: Stretching | B14: =COUNTIF('Detailed Test Cases'!B:B, A14) | C14: =COUNTIFS('Detailed Test Cases'!B:B, A14, 'Detailed Test Cases'!M:M, "Passed") | D14: =COUNTIFS('Detailed Test Cases'!B:B, A14, 'Detailed Test Cases'!M:M, "Failed") | E14: =COUNTIFS('Detailed Test Cases'!B:B, A14, 'Detailed Test Cases'!M:M, "Skipped") | F14: =COUNTIFS('Detailed Test Cases'!B:B, A14, 'Detailed Test Cases'!M:M, "Blocked") | G14: =COUNTIFS('Detailed Test Cases'!B:B, A14, 'Detailed Test Cases'!M:M, "Not Executed")
A15: Water Tracker | B15: =COUNTIF('Detailed Test Cases'!B:B, A15) | C15: =COUNTIFS('Detailed Test Cases'!B:B, A15, 'Detailed Test Cases'!M:M, "Passed") | D15: =COUNTIFS('Detailed Test Cases'!B:B, A15, 'Detailed Test Cases'!M:M, "Failed") | E15: =COUNTIFS('Detailed Test Cases'!B:B, A15, 'Detailed Test Cases'!M:M, "Skipped") | F15: =COUNTIFS('Detailed Test Cases'!B:B, A15, 'Detailed Test Cases'!M:M, "Blocked") | G15: =COUNTIFS('Detailed Test Cases'!B:B, A15, 'Detailed Test Cases'!M:M, "Not Executed")
A16: Sleep Tracker | B16: =COUNTIF('Detailed Test Cases'!B:B, A16) | C16: =COUNTIFS('Detailed Test Cases'!B:B, A16, 'Detailed Test Cases'!M:M, "Passed") | D16: =COUNTIFS('Detailed Test Cases'!B:B, A16, 'Detailed Test Cases'!M:M, "Failed") | E16: =COUNTIFS('Detailed Test Cases'!B:B, A16, 'Detailed Test Cases'!M:M, "Skipped") | F16: =COUNTIFS('Detailed Test Cases'!B:B, A16, 'Detailed Test Cases'!M:M, "Blocked") | G16: =COUNTIFS('Detailed Test Cases'!B:B, A16, 'Detailed Test Cases'!M:M, "Not Executed")
A17: Step Tracker | B17: =COUNTIF('Detailed Test Cases'!B:B, A17) | C17: =COUNTIFS('Detailed Test Cases'!B:B, A17, 'Detailed Test Cases'!M:M, "Passed") | D17: =COUNTIFS('Detailed Test Cases'!B:B, A17, 'Detailed Test Cases'!M:M, "Failed") | E17: =COUNTIFS('Detailed Test Cases'!B:B, A17, 'Detailed Test Cases'!M:M, "Skipped") | F17: =COUNTIFS('Detailed Test Cases'!B:B, A17, 'Detailed Test Cases'!M:M, "Blocked") | G17: =COUNTIFS('Detailed Test Cases'!B:B, A17, 'Detailed Test Cases'!M:M, "Not Executed")
A18: AI Trainer | B18: =COUNTIF('Detailed Test Cases'!B:B, A18) | C18: =COUNTIFS('Detailed Test Cases'!B:B, A18, 'Detailed Test Cases'!M:M, "Passed") | D18: =COUNTIFS('Detailed Test Cases'!B:B, A18, 'Detailed Test Cases'!M:M, "Failed") | E18: =COUNTIFS('Detailed Test Cases'!B:B, A18, 'Detailed Test Cases'!M:M, "Skipped") | F18: =COUNTIFS('Detailed Test Cases'!B:B, A18, 'Detailed Test Cases'!M:M, "Blocked") | G18: =COUNTIFS('Detailed Test Cases'!B:B, A18, 'Detailed Test Cases'!M:M, "Not Executed")
A19: Shop | B19: =COUNTIF('Detailed Test Cases'!B:B, A19) | C19: =COUNTIFS('Detailed Test Cases'!B:B, A19, 'Detailed Test Cases'!M:M, "Passed") | D19: =COUNTIFS('Detailed Test Cases'!B:B, A19, 'Detailed Test Cases'!M:M, "Failed") | E19: =COUNTIFS('Detailed Test Cases'!B:B, A19, 'Detailed Test Cases'!M:M, "Skipped") | F19: =COUNTIFS('Detailed Test Cases'!B:B, A19, 'Detailed Test Cases'!M:M, "Blocked") | G19: =COUNTIFS('Detailed Test Cases'!B:B, A19, 'Detailed Test Cases'!M:M, "Not Executed")
A20: Cart | B20: =COUNTIF('Detailed Test Cases'!B:B, A20) | C20: =COUNTIFS('Detailed Test Cases'!B:B, A20, 'Detailed Test Cases'!M:M, "Passed") | D20: =COUNTIFS('Detailed Test Cases'!B:B, A20, 'Detailed Test Cases'!M:M, "Failed") | E20: =COUNTIFS('Detailed Test Cases'!B:B, A20, 'Detailed Test Cases'!M:M, "Skipped") | F20: =COUNTIFS('Detailed Test Cases'!B:B, A20, 'Detailed Test Cases'!M:M, "Blocked") | G20: =COUNTIFS('Detailed Test Cases'!B:B, A20, 'Detailed Test Cases'!M:M, "Not Executed")
... A30: Android UI | B30: =COUNTIF('Detailed Test Cases'!B:B, A30) | C30: =COUNTIFS('Detailed Test Cases'!B:B, A30, 'Detailed Test Cases'!M:M, "Passed") | D30: =COUNTIFS('Detailed Test Cases'!B:B, A30, 'Detailed Test Cases'!M:M, "Failed") | E30: =COUNTIFS('Detailed Test Cases'!B:B, A30, 'Detailed Test Cases'!M:M, "Skipped") | F30: =COUNTIFS('Detailed Test Cases'!B:B, A30, 'Detailed Test Cases'!M:M, "Blocked") | G30: =COUNTIFS('Detailed Test Cases'!B:B, A30, 'Detailed Test Cases'!M:M, "Not Executed")
A31: Total Suite | B31: =SUM(B9:B30) | C31: =SUM(C9:C30) | D31: =SUM(D9:D30) | E31: =SUM(E9:E30) | F31: =SUM(F9:F30) | G31: =SUM(G9:G30)

Sheet Detailed Test Cases
A1: Test Case ID | B1: Module | C1: Test Scenario | D1: Test Title | E1: Objective | F1: Preconditions | G1: Test Steps | H1: Test Data | I1: Expected Result | J1: Actual Result | K1: Priority | L1: Severity | M1: Status | N1: Remarks
A2: SEL-001 | B2: Authentication | C2: Verify responsive viewport layout grid scaling for Authentication | D2: Selenium Web - Authentication - Verify responsive viewport layout grid scaling (#1) | E2: Ensure Authentication module satisfies quality criteria for Selenium Web category. | F2: Test environment active, NutriFit app launched on local test setup for Authentication. | G2: 1. Open NutriFit app on target setup. 2. Navigate to Authentication screen. 3. Launch Web Chrome/Edge driver at viewport resolution, verify container grid, element alignments and navbar collapse state. 4. Validate assertions. | H2: Module: Authentication, Setup: Local Host, Detail: Viewport: Variant #1 (Authentication) | I2: UI layout scales cleanly without horizontal scrollbars or clipping. for module Authentication. | J2: Pending Execution | K2: Medium | L2: Moderate | M2: Not Executed | N2: Generated baseline case for Selenium Web
A3: SEL-002 | B3: Dashboard | C3: Verify form input validation & error highlight rendering for Dashboard | D3: Selenium Web - Dashboard - Verify form input validation & error highlight rendering (#2) | E3: Ensure Dashboard module satisfies quality criteria for Selenium Web category. | F3: Test environment active, NutriFit app launched on local test setup for Dashboard. | G3: 1. Open NutriFit app on target setup. 2. Navigate to Dashboard screen. 3. Focus input element, enter invalid boundary value, trigger blur event, inspect validation error badge. 4. Validate assertions. | H3: Module: Dashboard, Setup: Local Host, Detail: Input value: Variant #2 (Dashboard) | I3: Validation hint appears immediately with accessible aria warning. for module Dashboard. | J3: Pending Execution | K3: Medium | L3: Major | M3: Not Executed | N3: Generated baseline case for Selenium Web
A4: SEL-003 | B4: Workout | C4: Verify interactive hover transitions & button clicks for Workout | D4: Selenium Web - Workout - Verify interactive hover transitions & button clicks (#3) | E4: Ensure Workout module satisfies quality criteria for Selenium Web category. | F4: Test environment active, NutriFit app launched on local test setup for Workout. | G4: 1. Open NutriFit app on target setup. 2. Navigate to Workout screen. 3. Hover cursor over CTA element, verify CSS transition state, trigger click action. 4. Validate assertions. | H4: Module: Workout, Setup: Local Host, Detail: Element selector: Variant #3 (Workout) | I4: Button triggers transition and dispatches action without unhandled JS exceptions. for module Workout. | J4: Pending Execution | K4: High | L4: Moderate | M4: Not Executed | N4: Generated baseline case for Selenium Web
A5: SEL-004 | B5: Diet | C5: Verify modal backdrop blur, focus trap, and escape key close for Diet | D5: Selenium Web - Diet - Verify modal backdrop blur, focus trap, and escape key close (#4) | E5: Ensure Diet module satisfies quality criteria for Selenium Web category. | F5: Test environment active, NutriFit app launched on local test setup for Diet. | G5: 1. Open NutriFit app on target setup. 2. Navigate to Diet screen. 3. Trigger modal pop-up dialog, attempt keyboard tab traversal inside modal, hit ESC key. 4. Validate assertions. | H5: Module: Diet, Setup: Local Host, Detail: Modal dialog: Variant #4 (Diet) | I5: Modal opens centered with focus trap; closes smoothly on ESC key event. for module Diet. | J5: Pending Execution | K5: Medium | L5: Major | M5: Not Executed | N5: Generated baseline case for Selenium Web
A6: SEL-005 | B6: Budget Diet | C6: Verify data table sorting, search filtering, and pagination for Budget Diet | D6: Selenium Web - Budget Diet - Verify data table sorting, search filtering, and pagination (#5) | E6: Ensure Budget Diet module satisfies quality criteria for Selenium Web category. | F6: Test environment active, NutriFit app launched on local test setup for Budget Diet. | G6: 1. Open NutriFit app on target setup. 2. Navigate to Budget Diet screen. 3. Navigate to list grid, enter search keyword, click column header to sort, navigate to next page. 4. Validate assertions. | H6: Module: Budget Diet, Setup: Local Host, Detail: Page size = 15, Filter: Variant #5 (Budget Diet) | I6: Grid filters dynamically, sorts columns, and paginates smoothly. for module Budget Diet. | J6: Pending Execution | K6: Low | L6: Moderate | M6: Not Executed | N6: Generated baseline case for Selenium Web
A7: SEL-006 | B7: Stretching | C7: Verify multi-tab window navigation & session persistence for Stretching | D7: Selenium Web - Stretching - Verify multi-tab window navigation & session persistence (#6) | E7: Ensure Stretching module satisfies quality criteria for Selenium Web category. | F7: Test environment active, NutriFit app launched on local test setup for Stretching. | G7: 1. Open NutriFit app on target setup. 2. Navigate to Stretching screen. 3. Open secondary browser tab, navigate to application route, perform action, return to tab 1. 4. Validate assertions. | H7: Module: Stretching, Setup: Local Host, Detail: Session storage token: Variant #6 (Stretching) | I7: Authentication session persists seamlessly across browser tabs. for module Stretching. | J7: Pending Execution | K7: High | L7: Major | M7: Not Executed | N7: Generated baseline case for Selenium Web
A8: SEL-007 | B8: Water Tracker | C8: Verify web browser Back/Forward history state synchronization for Water Tracker | D8: Selenium Web - Water Tracker - Verify web browser Back/Forward history state synchronization (#7) | E8: Ensure Water Tracker module satisfies quality criteria for Selenium Web category. | F8: Test environment active, NutriFit app launched on local test setup for Water Tracker. | G8: 1. Open NutriFit app on target setup. 2. Navigate to Water Tracker screen. 3. Deep link to feature screen, click Back button, then Forward button in browser. 4. Validate assertions. | H8: Module: Water Tracker, Setup: Local Host, Detail: History stack: Variant #7 (Water Tracker) | I8: Browser history syncs cleanly with router path and DOM view. for module Water Tracker. | J8: Pending Execution | K8: Medium | L8: Critical | M8: Not Executed | N8: Generated baseline case for Selenium Web
A9: SEL-008 | B9: Sleep Tracker | C9: Verify image lazy loading & WebP asset rendering for Sleep Tracker | D9: Selenium Web - Sleep Tracker - Verify image lazy loading & WebP asset rendering (#8) | E9: Ensure Sleep Tracker module satisfies quality criteria for Selenium Web category. | F9: Test environment active, NutriFit app launched on local test setup for Sleep Tracker. | G9: 1. Open NutriFit app on target setup. 2. Navigate to Sleep Tracker screen. 3. Scroll down page rapidly to trigger lazy viewport loading of media content. 4. Validate assertions. | H9: Module: Sleep Tracker, Setup: Local Host, Detail: Asset path: Variant #8 (Sleep Tracker) | I9: Images display placeholder skeleton before loading optimized WebP image asset. for module Sleep Tracker. | J9: Pending Execution | K9: Medium | L9: Major | M9: Not Executed | N9: Generated baseline case for Selenium Web
A10: SEL-009 | B10: Step Tracker | C10: Verify light/dark theme switching and CSS custom property updates for Step Tracker | D10: Selenium Web - Step Tracker - Verify light/dark theme switching and CSS custom property updates (#9) | E10: Ensure Step Tracker module satisfies quality criteria for Selenium Web category. | F10: Test environment active, NutriFit app launched on local test setup for Step Tracker. | G10: 1. Open NutriFit app on target setup. 2. Navigate to Step Tracker screen. 3. Click global theme toggle in top header navbar. 4. Validate assertions. | H10: Module: Step Tracker, Setup: Local Host, Detail: Theme toggle selector: Variant #9 (Step Tracker) | I10: CSS variables update globally across all visible DOM containers. for module Step Tracker. | J10: Pending Execution | K10: High | L10: Moderate | M10: Not Executed | N10: Generated baseline case for Selenium Web
A11: SEL-010 | B11: AI Trainer | C11: Verify keyboard tab order traversal and ARIA accessibility roles for AI Trainer | D11: Selenium Web - AI Trainer - Verify keyboard tab order traversal and ARIA accessibility roles (#10) | E11: Ensure AI Trainer module satisfies quality criteria for Selenium Web category. | F11: Test environment active, NutriFit app launched on local test setup for AI Trainer. | G11: 1. Open NutriFit app on target setup. 2. Navigate to AI Trainer screen. 3. Press TAB key repeatedly from top of web page to traverse focusable DOM elements. 4. Validate assertions. | H11: Module: AI Trainer, Setup: Local Host, Detail: Keyboard navigation: Variant #10 (AI Trainer) | I11: Focus ring highlights interactive elements in logical DOM order. for module AI Trainer. | J11: Pending Execution | K11: Low | L11: Major | M11: Not Executed | N11: Generated baseline case for Selenium Web
A12: SEL-011 | B12: Shop | C12: Verify responsive viewport layout grid scaling for Shop | D12: Selenium Web - Shop - Verify responsive viewport layout grid scaling (#11) | E12: Ensure Shop module satisfies quality criteria for Selenium Web category. | F12: Test environment active, NutriFit app launched on local test setup for Shop. | G12: 1. Open NutriFit app on target setup. 2. Navigate to Shop screen. 3. Launch Web Chrome/Edge driver at viewport resolution, verify container grid, element alignments and navbar collapse state. 4. Validate assertions. | H12: Module: Shop, Setup: Local Host, Detail: Viewport: Variant #11 (Shop) | I12: UI layout scales cleanly without horizontal scrollbars or clipping. for module Shop. | J12: Pending Execution | K12: Medium | L12: Moderate | M12: Not Executed | N12: Generated baseline case for Selenium Web
... A351: SEL-350 | B351: Supabase Integration | C351: Verify keyboard tab order traversal and ARIA accessibility roles for Supabase Integration | D351: Selenium Web - Supabase Integration - Verify keyboard tab order traversal and ARIA accessibility roles (#350) | E351: Ensure Supabase Integration module satisfies quality criteria for Selenium Web category. | F351: Test environment active, NutriFit app launched on local test setup for Supabase Integration. | G351: 1. Open NutriFit app on target setup. 2. Navigate to Supabase Integration screen. 3. Press TAB key repeatedly from top of web page to traverse focusable DOM elements. 4. Validate assertions. | H351: Module: Supabase Integration, Setup: Local Host, Detail: Keyboard navigation: Variant #350 (Supabase Integration) | I351: Focus ring highlights interactive elements in logical DOM order. for module Supabase Integration. | J351: Pending Execution | K351: Low | L351: Critical | M351: Not Executed | N351: Generated baseline case for Selenium Web

Sheet Execution Evidence
A1: Test Case ID | B1: Module | C1: Test Scenario | D1: Status | E1: Evidence File Path | F1: Timestamp | G1: Verification Notes
A2: SEL-001 | B2: Authentication | C2: Verify responsive viewport layout grid scaling for Authentication | D2: Not Executed | E2: testing-reports/evidence/sel-001_log.png | F2: 2026-07-21 23:45:00 UTC | G2: Baseline artifact placeholder initialized
A3: SEL-002 | B3: Dashboard | C3: Verify form input validation & error highlight rendering for Dashboard | D3: Not Executed | E3: testing-reports/evidence/sel-002_log.png | F3: 2026-07-21 23:45:00 UTC | G3: Baseline artifact placeholder initialized
A4: SEL-003 | B4: Workout | C4: Verify interactive hover transitions & button clicks for Workout | D4: Not Executed | E4: testing-reports/evidence/sel-003_log.png | F4: 2026-07-21 23:45:00 UTC | G4: Baseline artifact placeholder initialized
A5: SEL-004 | B5: Diet | C5: Verify modal backdrop blur, focus trap, and escape key close for Diet | D5: Not Executed | E5: testing-reports/evidence/sel-004_log.png | F5: 2026-07-21 23:45:00 UTC | G5: Baseline artifact placeholder initialized
A6: SEL-005 | B6: Budget Diet | C6: Verify data table sorting, search filtering, and pagination for Budget Diet | D6: Not Executed | E6: testing-reports/evidence/sel-005_log.png | F6: 2026-07-21 23:45:00 UTC | G6: Baseline artifact placeholder initialized
A7: SEL-006 | B7: Stretching | C7: Verify multi-tab window navigation & session persistence for Stretching | D7: Not Executed | E7: testing-reports/evidence/sel-006_log.png | F7: 2026-07-21 23:45:00 UTC | G7: Baseline artifact placeholder initialized
A8: SEL-007 | B8: Water Tracker | C8: Verify web browser Back/Forward history state synchronization for Water Tracker | D8: Not Executed | E8: testing-reports/evidence/sel-007_log.png | F8: 2026-07-21 23:45:00 UTC | G8: Baseline artifact placeholder initialized
A9: SEL-008 | B9: Sleep Tracker | C9: Verify image lazy loading & WebP asset rendering for Sleep Tracker | D9: Not Executed | E9: testing-reports/evidence/sel-008_log.png | F9: 2026-07-21 23:45:00 UTC | G9: Baseline artifact placeholder initialized
A10: SEL-009 | B10: Step Tracker | C10: Verify light/dark theme switching and CSS custom property updates for Step Tracker | D10: Not Executed | E10: testing-reports/evidence/sel-009_log.png | F10: 2026-07-21 23:45:00 UTC | G10: Baseline artifact placeholder initialized
A11: SEL-010 | B11: AI Trainer | C11: Verify keyboard tab order traversal and ARIA accessibility roles for AI Trainer | D11: Not Executed | E11: testing-reports/evidence/sel-010_log.png | F11: 2026-07-21 23:45:00 UTC | G11: Baseline artifact placeholder initialized
A12: SEL-011 | B12: Shop | C12: Verify responsive viewport layout grid scaling for Shop | D12: Not Executed | E12: testing-reports/evidence/sel-011_log.png | F12: 2026-07-21 23:45:00 UTC | G12: Baseline artifact placeholder initialized
... A16: SEL-015 | B16: Orders | C16: Verify data table sorting, search filtering, and pagination for Orders | D16: Not Executed | E16: testing-reports/evidence/sel-015_log.png | F16: 2026-07-21 23:45:00 UTC | G16: Baseline artifact placeholder initialized
